condition,image_num,sample_id,C_coverage,Ca_coverage,Cl_coverage,Mg_coverage,Na_coverage,O_coverage,S_coverage,mds_x,mds_y
A,1,1,0.02288135593220339,0.02277374226526769,0.0406846919558784,0.08666935700834005,0.0501076136669357,0.055148641377454934,0.021216707021791768,-0.0010795743893108366,0.0024844092065352545
A,2,1,0.03487019101425881,0.035573042776432605,0.06455811138014528,0.12532620392789884,0.07364137745493678,0.0830743879472693,0.030548829701372075,-0.001925728493072987,0.0025517150658644484
A,3,1,0.02013720742534302,0.023802797955340328,0.039171374764595104,0.08391175679311272,0.04617298896959914,0.05436171643798762,0.021983454398708635,-0.0012238029181647215,0.0027125480109213692
A,4,1,0.024619989238633306,0.030044390637610975,0.05153349475383374,0.09949892386333065,0.04924670433145009,0.06567124024751143,0.023920500403551252,-0.0029649627776838893,0.0041363808522686205
A,5,1,0.02788539144471348,0.024485472154963682,0.042635189669087976,0.08619518428840463,0.049085283831046544,0.06190476190476191,0.02128396556362658,-0.0021853065746598693,0.003666721229465012
A,6,2,0.026069410815173527,0.02489911218724778,0.04974441754102771,0.09441081517352704,0.0607378262039279,0.06520379338175948,0.02563559322033898,-0.0011059954757665952,0.0013811028111547807
A,7,2,0.02495291902071563,0.028019908528383104,0.04948547215496368,0.09532216841538875,0.05778517621737961,0.06390570352434759,0.025036992198009148,-0.0016134623601254195,0.002018714712412967
A,8,2,0.02624428302394404,0.02494955609362389,0.04861447403820285,0.09173728813559322,0.06003833736884585,0.06514326069410815,0.024515738498789345,-0.0012683518762560382,0.0014601739940656429
A,9,2,0.026967312348668282,0.02695386064030132,0.05171172988969599,0.09601829432337906,0.06234194242668819,0.06531813290287866,0.02625100887812752,-0.0013999809661804916,0.0013919670454152246
A,10,2,0.022999058380414314,0.021768227064837234,0.04204667742803336,0.08391511972020446,0.053262039278988434,0.05837032553134248,0.022091068065644336,-0.0008992073325061746,0.0016223982221593581
A,11,3,0.019198950766747377,0.01875168146354587,0.03377387678235136,0.07755246166263115,0.04792507398439602,0.0559893731503901,0.022645951035781545,0.00014190131850307775,0.0016042600957235976
A,12,3,0.018512913640032283,0.017958030669895077,0.03315173527037934,0.08629607210115685,0.05421711057304278,0.053090529997309656,0.02199018025289212,0.0012239832163857694,0.001388634248005947
A,13,3,0.018418751681463546,0.017386333064299167,0.03202515469464622,0.07858824320688727,0.04957627118644068,0.053699219800914716,0.022447538337368844,0.0007956303801184539,0.0013126998454858338
A,14,3,0.01813962873284907,0.018210250201775625,0.031187785848802798,0.07881692224912563,0.047703120796341134,0.05345036319612591,0.02143193435566317,0.0006149847644381176,0.0018378241535091096
A,15,3,0.018781947807371538,0.01740314769975787,0.03139965025558246,0.07851089588377724,0.0471045197740113,0.05099206349206349,0.02164043583535109,0.0006297425197902171,0.0017922506414081783
A,16,4,0.015889830508474576,0.018257331181059995,0.04424603174603175,0.07690677966101694,0.0685969868173258,0.05507801990852838,0.02819141781006188,0.0010973631205662862,-0.002904559168405912
A,17,4,0.01637745493677697,0.017271993543179983,0.04366088243206887,0.08102972827549099,0.07311003497444175,0.059584342211460854,0.028551251008878127,0.0017143389330911102,-0.0029975151564380804
A,18,4,0.016562415926822706,0.01817998385794996,0.04483454398708636,0.07828557976863061,0.0687382297551789,0.05386736615550175,0.026698278181329027,0.0008333502470202164,-0.0027039860454382606
A,19,4,0.01595372612321765,0.01802528921172989,0.044286386871132635,0.08241861716437987,0.06763518966908798,0.055051116491794456,0.02815106268496099,0.0011326407328959955,-0.0022882902483682
A,20,4,0.016747376916868444,0.019172047350013453,0.04129338175948345,0.07672518159806295,0.06233521657250471,0.05756322302932473,0.02819141781006188,0.000904601639890076,-0.0014933107400060873
A,21,5,0.014682539682539682,0.013724105461393597,0.028655501748722088,0.06857680925477536,0.056833467850417006,0.05501412429378531,0.028800107613666935,0.003910388402389564,-0.0020392972984891473
A,22,5,0.015223970944309927,0.016232849071832124,0.030363868711326337,0.07179513048157116,0.06475652407855798,0.06099004573580845,0.03214622006994888,0.004483339224509028,-0.002802011107231033
A,23,5,0.015065913370998116,0.01617567931127253,0.031063357546408394,0.0745695453322572,0.06458165186978747,0.0643866020984665,0.031998251277912296,0.004536361626436018,-0.002408061770471883
A,24,5,0.01554681194511703,0.018048829701372074,0.03322235673930589,0.08015200430454668,0.06685499058380415,0.06353578154425613,0.03300040355125101,0.003699990067879597,-0.0020510379175009124
A,25,5,0.016020984665052463,0.01771253699219801,0.03461797148237826,0.07709510357815443,0.06269504977132095,0.06414110842076944,0.03407654022060802,0.003336260982935291,-0.0019046800848434367
B,1,1,0.028026634382566584,0.035388081786386874,0.0905938929244014,0.08464151197202045,0.07977535647027173,0.07891108420769438,0.028884180790960452,-0.010024112696817657,-0.00025716385139778206
B,2,1,0.025971885929513047,0.03487691686844229,0.09351963949421577,0.08173930589184826,0.07829903147699759,0.07967446865751951,0.025887812752219533,-0.011262220664696506,-0.003788367701217275
B,3,1,0.027552461662631155,0.03374024751143395,0.08580172181867098,0.0830979284369115,0.06535848802797956,0.07539009954264192,0.026577212806026367,-0.010151319259340354,-0.00095687867731824
B,4,1,0.026375437180521925,0.034177428033360234,0.07968455743879473,0.0819982512779123,0.07211460855528652,0.07535310734463277,0.028282216841538876,-0.007733588153497987,-0.002318764793093408
B,5,1,0.026721818670971214,0.03226392251815981,0.08210250201775625,0.08533763788001077,0.07067863868711326,0.0715664514393328,0.02727670164110842,-0.007905154064780564,-0.002030478599459379
B,6,2,0.02875302663438257,0.036840866290018835,0.07068536454129674,0.08533763788001077,0.048056228140973906,0.07295534032822168,0.02648641377454937,-0.009302507900151925,0.004599617921278731
B,7,2,0.02563559322033898,0.03590597255851493,0.06326338444982513,0.07918684422921711,0.046667339252085015,0.06914514393327953,0.02758272800645682,-0.008402698195684158,0.0037933873023388884
B,8,2,0.02830239440408932,0.03860304008609093,0.07899852031207963,0.08278181329028787,0.048671643798762446,0.07684960990045736,0.028204869518428842,-0.011950373906539675,0.004006174226036817
B,9,2,0.027744148506860373,0.0395682001614205,0.07402811407048696,0.0851594027441485,0.05152676889965026,0.07838646758138283,0.028070352434759215,-0.009959868354213924,0.0034429073729587787
B,10,2,0.029617298896959913,0.03834409470002691,0.07255851493139628,0.08290624159268227,0.050100887812752216,0.07292171105730427,0.02490247511433952,-0.010426319160684257,0.004218765452225368
B,11,3,0.018987086359967716,0.02287799300511165,0.07683279526499866,0.08201842884046275,0.09869518428840462,0.06726190476190476,0.039272262577347325,0.0018198191444091427,-0.01011049522658632
B,12,3,0.018422114608555286,0.022501345170836698,0.07513115415657788,0.0801620930858219,0.09696663976324993,0.060098870056497174,0.038592951304815715,0.00010344182923886497,-0.011029636631306131
B,13,3,0.01807909604519774,0.023110034974441755,0.07745829970406241,0.08423123486682808,0.10058178638687114,0.06970675275760022,0.040674603174603176,0.0001407803281102061,-0.010163678589664396
B,14,3,0.019024078557976862,0.02323446327683616,0.07214823782620393,0.08133911756793112,0.09778046811945117,0.06684826472962066,0.03683077750874361,-4.9129976634586696e-05,-0.009177788620849548
B,15,3,0.01782015065913371,0.02308985741189131,0.07685969868173258,0.08151398977670164,0.10209510357815442,0.06708366962604251,0.03919827818132903,-0.0032786896734759174,-0.010410565532617247
B,16,4,0.02319410815173527,0.022168415388754373,0.049155905299973095,0.08427158999192898,0.06151466236211999,0.06024683884853376,0.027821495829970407,-0.000702482011860478,-0.00017576316567821356
B,17,4,0.022302932472423997,0.022350013451708367,0.04360371267150928,0.0856873822975518,0.05587839655636266,0.06167944578961528,0.026008878127522197,-0.0005082880037411783,0.001021101266464095
B,18,4,0.02164043583535109,0.023052865213882164,0.04188861985472155,0.08569410815173527,0.05271388216303471,0.06105730427764326,0.02587099811676083,-0.0006051096899412345,0.001521220662412566
B,19,4,0.02304277643260694,0.02134113532418617,0.04763249932741458,0.08442964756524078,0.0561138014527845,0.06061339790153349,0.02666128598331988,-0.000939674728625445,0.0005954116776554086
B,20,4,0.02257869249394673,0.02029862792574657,0.04989911218724778,0.08365617433414044,0.0616727199354318,0.05380347054075867,0.0268697874630078,-0.0008199227187161168,-0.0007849433386340476
B,21,5,0.015607344632768362,0.015472827549098735,0.031631692224912564,0.07316720473500135,0.06255380683346785,0.054973769168684426,0.032475786924939465,0.0037516283448415016,-0.002583911445034462
B,22,5,0.015822571966639762,0.016670029593758406,0.03313828356201238,0.08029661016949152,0.0708804143126177,0.062338579499596446,0.03368980360505784,0.00429165886007993,-0.0028234433254979117
B,23,5,0.015943637341942426,0.018455743879472693,0.03404627387678235,0.07993677697067528,0.06990852838310466,0.05994081248318536,0.03580844767285445,0.0039566693409478215,-0.0028205686778959983
B,24,5,0.017483857949959644,0.017329163303739573,0.0345137207425343,0.07754237288135593,0.07006322302932473,0.06234530535377993,0.03496435297282755,0.003795651384630038,-0.0028317822945297545
B,25,5,0.015923459779391982,0.018341404358353512,0.03486010223298359,0.08240180252892117,0.07266612859833199,0.06381154156577885,0.036087570621468924,0.004138118103879677,-0.002910300043353254
C,1,1,0.018882835620123755,0.02319410815173527,0.04060061877858488,0.07572639225181597,0.04140772128060264,0.056493812214151194,0.020315442561205273,-0.0025192416821363793,0.0030021098675758902
C,2,1,0.018771859026096314,0.02102165725047081,0.037318401937046004,0.08541162227602905,0.04472693032015066,0.058649448479956956,0.021357949959644875,-0.0007273839531508197,0.0030304111609673946
C,3,1,0.018301049233252622,0.019582324455205812,0.02816451439332795,0.08249260156039817,0.042117298896959914,0.0520345708905031,0.019706752757600216,0.0006429954178841191,0.00414021217269073
C,4,1,0.01899717514124294,0.0217984934086629,0.03632970137207425,0.08751008878127522,0.04466639763249933,0.056833467850417006,0.02075262308313156,-0.0006379422783948547,0.0034385553026007455
C,5,1,0.01932337906914178,0.020638283562012374,0.03265065913370998,0.08805488297013721,0.043741592682270646,0.05486615550174872,0.02137476459510358,0.00012655535953733896,0.0038624685609623126
C,6,2,0.022239036857680927,0.02236682808716707,0.040681329028786656,0.08226728544525155,0.044794188861985475,0.05903954802259887,0.021408393866020985,-0.0017110952544119155,0.003047917263534111
C,7,2,0.023308447672854452,0.023126849609900458,0.03739574926015604,0.08390503093892925,0.047376916868442295,0.05957425343018563,0.02344969061070756,-0.0008820683406488726,0.0029031891181391404
C,8,2,0.020026230831315578,0.023251277912294862,0.03896959913909066,0.08540489642184558,0.045486951842884045,0.05609026096314232,0.02282754909873554,-0.001061338037255944,0.0028546788584865863
C,9,2,0.021055286521388217,0.022117971482378262,0.03697202044659672,0.08075396825396826,0.04470338983050848,0.05645682001614205,0.022171778315846113,-0.0010162765049586489,0.0028025116374500113
C,10,2,0.019454533225719665,0.02118980360505784,0.035710922787193976,0.0821563088512241,0.046717783158461125,0.05694780737153619,0.022074253430185632,-0.00040506002693975517,0.0023932588533360577
C,11,3,0.018613801452784504,0.018358218993812216,0.03352502017756255,0.08705945655098198,0.05485942964756524,0.055565644336830776,0.02174132364810331,0.0011530165796756787,0.0014714627498304416
C,12,3,0.018156443368307774,0.018818940005380685,0.03249260156039817,0.08416397632499327,0.05068267419962335,0.05204129674468658,0.020433145009416197,0.00077185217342892,0.0019485687923728112
C,13,3,0.01837503362927092,0.017483857949959644,0.03238162496637073,0.08662563895614743,0.04938122141511972,0.05429782082324455,0.022659402744148505,0.0011208694156589973,0.0021095561407063436
C,14,3,0.017884046273876783,0.017393058918482647,0.03265065913370998,0.0825363196125908,0.050544794188861986,0.05499058380414312,0.021721146085552864,0.0009193777043176215,0.001546903519117469
C,15,3,0.018825665859564165,0.017161016949152542,0.03185700834005919,0.08311138014527845,0.04819074522464353,0.0517789884315308,0.022292843691148777,0.0009482659182228772,0.0019840523308241736
C,16,4,0.01904761904761905,0.019605864944847996,0.050221953188054884,0.0854149852031208,0.0782923056228141,0.060129136400322844,0.029109496906107077,0.0008180854543643572,-0.003111019494811537
C,17,4,0.01533831046542911,0.018563357546408393,0.05056497175141243,0.08050511164917945,0.0718724778046812,0.056651869787463005,0.029903147699757868,0.000657621893727685,-0.0038772078574396416
C,18,4,0.017430051116491794,0.018677697067527577,0.05007062146892655,0.08337705138552597,0.07576674737691687,0.05666868442292171,0.03083804143126177,0.00099326224358105,-0.0036802863600784953
C,19,4,0.016804546677428034,0.018765133171912834,0.04716168953457089,0.0838848533763788,0.07217850417002959,0.05874697336561743,0.02974509012644606,0.0011213844169993719,-0.002686632416741213
C,20,4,0.017719262846381492,0.02046004842615012,0.05127118644067796,0.08513922518159807,0.07867567931127253,0.06119182136131289,0.03284570890503094,0.0010938522175077154,-0.0035563457099422086
C,21,5,0.01870796341135324,0.017988297013720744,0.038542507398439604,0.08509550712940543,0.07893126177024481,0.06699959644874899,0.035788270110304006,0.0036262005354480245,-0.0030805728468401073
C,22,5,0.017050040355125102,0.01807909604519774,0.03853914447134786,0.08101627656712403,0.07813761097659402,0.06509281678773204,0.03766814635458703,0.003975408884268288,-0.003881324700651901
C,23,5,0.0167440139897767,0.017265267688996503,0.03639359698681732,0.08233454398708635,0.07590799031476998,0.06360640301318267,0.03612792574656981,0.004119135436825364,-0.0034033486891781
C,24,5,0.017393058918482647,0.016434624697336562,0.03772195318805488,0.08154761904761905,0.07670164110842077,0.06340799031476997,0.03526029055690073,0.0038787217052159485,-0.0035791938075144017
C,25,5,0.017487220877051384,0.017288808178638686,0.03843825665859564,0.08060599946193167,0.07482176486413775,0.06794121603443637,0.03845843422114609,0.004064817312462835,-0.0035940913119656675
D,1,1,0.02288471885929513,0.029196933010492334,0.0499831853645413,0.0799973096583266,0.03914447134786118,0.06402004304546677,0.021889292440139898,-0.005601192198439263,0.005413850138943797
D,2,1,0.021781678773204197,0.03022262577347323,0.05815846112456282,0.08291633037395749,0.04506322302932472,0.06640772128060264,0.02411891310196395,-0.005996045897720798,0.0035577037104820054
D,3,1,0.021011568469195586,0.029523136938391176,0.05234396018294323,0.08552596179714823,0.0450531342480495,0.07113935969868174,0.0234530535377993,-0.004669293288151468,0.004020706583464797
D,4,1,0.021892655367231638,0.03208232445520581,0.05976594027441485,0.08195453322571966,0.045843422114608554,0.07202717245090126,0.024754506322302933,-0.0066111472750385045,0.004127221484498042
D,5,1,0.023644740382028517,0.02779459241323648,0.04922988969599139,0.08619182136131288,0.051008878127522195,0.06660613397901534,0.024653618509550713,-0.0027024222834424196,0.002443408559500141
D,6,2,0.022551789077212805,0.025743206887274685,0.05078356201237557,0.08202515469464622,0.05870998116760829,0.06215698143664245,0.024983185364541298,-0.00196693738268195,0.0004217500700088271
D,7,2,0.022410546139359697,0.026069410815173527,0.05028248587570622,0.08188054882970137,0.05739843960182943,0.06324993274145817,0.025225316115146623,-0.002039380857879452,0.0006358044854857028
D,8,2,0.02129069141781006,0.026055959106806564,0.054112859833198815,0.08234126984126984,0.05882432068872747,0.06489776701641109,0.024266881894000537,-0.0026193193899404833,0.00026983374677858594
D,9,2,0.02215832660747915,0.0259348937315039,0.057768361581920905,0.08156107075598601,0.05943301049233252,0.06595372612321765,0.023590933548560667,-0.003483444258836553,7.561123390111367e-05
D,10,2,0.024603174603174603,0.02484866828087167,0.05678638687113263,0.08187718590260963,0.0580743879472693,0.06823715361850954,0.024139090664514393,-0.003396931823882252,0.000555759111249535
D,11,3,0.02055421038471886,0.020090126446058648,0.036151466236212,0.08558313155770783,0.0533091202582728,0.05104923325262308,0.023567393058918484,0.0004343804570656272,0.0013966313847584787
D,12,3,0.0202347323110035,0.019091337099811676,0.03572101156846919,0.08755716976055959,0.055679983857949956,0.05362523540489642,0.02344632768361582,0.0008226746814159045,0.0012181297440187985
D,13,3,0.021600080710250203,0.01957223567393059,0.036410411622276026,0.08471549636803874,0.056651869787463005,0.05502085014796879,0.021411756793112725,0.0004097313496869873,0.0012451506856698104
D,14,3,0.018260694108151735,0.018633979015334947,0.03799435028248588,0.08499125638956147,0.05392789884315308,0.05148641377454937,0.022188592951304816,0.00039143101951366035,0.000899094203519995
D,15,3,0.019740382028517623,0.018465832660747916,0.038771186440677965,0.09051990852838311,0.056066720473500135,0.05457358084476729,0.024260156039817057,0.000711071592863179,0.001039664423097465
D,16,4,0.01734934086629002,0.019740382028517623,0.047175141242937854,0.08622881355932203,0.07571630347054076,0.05316787732041969,0.029630750605326876,0.0010928599788465106,-0.003307654577558519
D,17,4,0.018092547753564704,0.019689938122141513,0.04758541834813021,0.08549233252623083,0.07371536185095508,0.054149852031207965,0.029603847188592953,0.0009000041940448547,-0.002821704423789779
D,18,4,0.01689870863599677,0.01875168146354587,0.05016142050040355,0.0841168953457089,0.07671845574387948,0.05253564702717245,0.03042440139897767,0.0009539474856835871,-0.0043566402246420265
D,19,4,0.017779795534032822,0.019195587839655637,0.04786454129674469,0.08536117836965294,0.07482512779122949,0.05053470540758676,0.030333602367500673,0.0009594759375122091,-0.0037477125599888754
D,20,4,0.018502824858757063,0.01874831853645413,0.04953255313424805,0.08358218993812214,0.07238027979553403,0.05392789884315308,0.028941350551520043,0.000528425182799589,-0.003019787730349075
D,21,5,0.017581382835620125,0.018297686306160882,0.03899650255582459,0.08430858218993813,0.07691014258810869,0.06390906645143933,0.03784974441754103,0.0036395570331292345,-0.0033301440163168595
D,22,5,0.017271993543179983,0.017964756524078557,0.040129808985741186,0.07940543449018025,0.07833938660209847,0.06486750067258541,0.0367635189669088,0.0035769132823611177,-0.004045685105237128
D,23,5,0.016717110573042777,0.017187920365886466,0.037947269303201504,0.0803773204196933,0.07742130750605326,0.06347524885660479,0.03610774818401937,0.003965600408270983,-0.003882321919885937
D,24,5,0.01740314769975787,0.01746704331450094,0.03941014258810869,0.08119451170298628,0.07746838848533764,0.06385525961797148,0.03567056766209309,0.0034932130309213365,-0.0036441531964330393
D,25,5,0.018876109765940275,0.01797820823244552,0.03517285445251547,0.0761736615550175,0.0717984934086629,0.058504842615012105,0.03556295399515739,0.003627900796695679,-0.0032243482457931334
E,1,1,0.025797013720742536,0.0439198278181329,0.0761333064299166,0.10310734463276836,0.04955945655098198,0.0907923056228141,0.030091471616895345,-0.00904189593493848,0.006399650648923659
E,2,1,0.026536857680925476,0.040153349475383376,0.06759819747107883,0.1008272800645682,0.04895076674737692,0.09051654560129137,0.029933414043583535,-0.007030352159110996,0.006236712336175853
E,3,1,0.027528921172988968,0.03896959913909066,0.06288673661555018,0.09797551789077213,0.05001008878127522,0.0835115684691956,0.029681194511702987,-0.00586058436041447,0.005384436542303392
E,4,1,0.028645412967446864,0.03820957761635728,0.06133979015334948,0.09676822706483723,0.049569545332257194,0.08326943771859026,0.02875638956147431,-0.005900946156364619,0.005361261379959466
E,5,1,0.032714554748453056,0.039292440139897765,0.06250672585418349,0.10400860909335485,0.051109765940274415,0.08459779391982782,0.030283158461124563,-0.005453506192977173,0.005757650730937854
E,6,2,0.029203658864675814,0.04020379338175949,0.07504371805219263,0.09743072370191014,0.06655569007263923,0.08655165456012914,0.03196462200699489,-0.006062177642319402,0.0015271955575974438
E,7,2,0.029684557438794727,0.03694511702986279,0.07834947538337368,0.09432001614205004,0.07018092547753564,0.0841000807102502,0.03323244552058111,-0.005981087799519889,7.907208396495474e-05
E,8,2,0.024189534570890504,0.03737220877051386,0.08150726392251816,0.09589386602098467,0.07212133440947001,0.07709174065106268,0.03158797417271993,-0.006358011054245435,-0.0010626562063670172
E,9,2,0.029630750605326876,0.03494753833736885,0.06166935700834006,0.09638821630347054,0.062267958030669895,0.07990987355394136,0.0312953995157385,-0.0036596732577528057,0.0019332743282929347
E,10,2,0.03175612052730697,0.03656174334140436,0.06788068334678504,0.0972861178369653,0.06578221684153887,0.07906577885391444,0.03259348937315039,-0.00443282743009602,0.0014723779231683777
E,11,3,0.020372612321764863,0.019198950766747377,0.03143664245359161,0.09661016949152543,0.05241458165186979,0.05446596717783159,0.022541700295937585,0.001891953269618182,0.003410603045932111
E,12,3,0.022286117836965293,0.020305353779930053,0.03326607479149852,0.09821428571428571,0.056174334140435836,0.05838714016680118,0.02468388485337638,0.0016237020398649743,0.002751545768551726
E,13,3,0.02692695722356739,0.024919289749798224,0.05129808985741189,0.09457896152811407,0.07323110034974442,0.07207425343018563,0.02758272800645682,-0.00042099873418709964,-1.3293002738727501e-05
E,14,3,0.02577011030400861,0.024619989238633306,0.05233387140166801,0.09309591068065644,0.06959913909066451,0.0742635189669088,0.027754237288135593,-0.0007253857525315182,0.000141015869649831
E,15,3,0.026748722087705137,0.024616626311541566,0.05604654291094969,0.09370796341135325,0.07212806026365348,0.07082660747914986,0.02875975248856605,-0.0009033412334875226,-0.00033364455773386497
E,16,4,0.020362523540489643,0.026668011837503364,0.08857949959644874,0.09339184826472963,0.1262173796072101,0.08030333602367501,0.044286386871132635,0.0019860078955575454,-0.01203680319788947
E,17,4,0.020036319612590798,0.02835956416464891,0.09168684422921711,0.09349273607748183,0.126439332795265,0.08032351358622546,0.04690274414850686,0.000556912274286872,-0.012598387483942037
E,18,4,0.019659671778315846,0.02619383911756793,0.09250739843960183,0.0910983319881625,0.1246031746031746,0.08021926284638149,0.047534974441754106,0.0012606218535274084,-0.013327823662166123
E,19,4,0.020174199623352165,0.02768361581920904,0.09583669626042507,0.09184826472962067,0.12590462738767824,0.08246233521657251,0.04550040355125101,0.0020878896881536026,-0.013222760684683116
E,20,4,0.019605864944847996,0.02680589184826473,0.0873755716976056,0.08922854452515469,0.11867097121334409,0.0782351358622545,0.04753161151466236,1.109621659198565e-06,-0.012211950990139872
E,21,5,0.01813290287866559,0.019898439601829434,0.039107479149852034,0.09203322571966639,0.08502488566047887,0.07419626042507399,0.038293650793650796,0.004313783502923435,-0.0031521430016923733
E,22,5,0.019706752757600216,0.01978073715361851,0.04127993005111649,0.09486817325800377,0.07923728813559322,0.07453591606133979,0.03877454936776971,0.003321017659830141,-0.002103007896618398
E,23,5,0.018613801452784504,0.020594565509819748,0.03979015334947538,0.08826338444982512,0.08134920634920635,0.07379607210115685,0.04040556900726392,0.004013221789869252,-0.003148546660802786
E,24,5,0.01938391175679311,0.02014057035243476,0.03522666128598332,0.09181127253161152,0.07682943233790691,0.06936037126715093,0.03868375033629271,0.004283510520728236,-0.0019601301504064907
E,25,5,0.02034570890503094,0.022235673930589187,0.04670096852300242,0.0879304546677428,0.09599811676082863,0.08331651869787463,0.04585351089588378,0.004586104482247682,-0.005283847741686985
F,1,1,0.022561877858488028,0.02443502824858757,0.03637678235135862,0.09642520850147969,0.049465294592413236,0.06454465967177832,0.025245493677697066,-4.0515544660294684e-05,0.003752667007502824
F,2,1,0.022925073984396017,0.028016545601291364,0.04448143664245359,0.09674468657519505,0.04898775894538607,0.06730898574118913,0.02520850147968792,-0.001665811090194471,0.003708428841817382
F,3,1,0.021613532418617163,0.02675208501479688,0.04916599408124832,0.10232041969330105,0.04720877051385526,0.06794457896152811,0.02542036588646758,-0.0021861707074019156,0.004238393573770922
F,4,1,0.024963007801990855,0.024667070217917676,0.03495426419155233,0.09378194780737154,0.04870191014258811,0.06524751143395212,0.025178235135862256,-0.0001098439192865434,0.004294965076031743
F,5,1,0.026476324993274146,0.02660747914985203,0.04581988162496637,0.09598466505246166,0.047239036857680924,0.06629674468657519,0.025453995157384987,-0.0020397958921843824,0.0041448867840781015
F,6,2,0.02175141242937853,0.024667070217917676,0.03972289480764057,0.09438727468388486,0.05056833467850417,0.06551318267419963,0.024707425343018563,-0.0005479843608720473,0.0030511996865507625
F,7,2,0.022746838848533762,0.025218590260963143,0.039457223567393056,0.09582324455205811,0.048970944309927364,0.06172988969599139,0.024677158999192896,-0.0006735799213111387,0.0035191564144454327
F,8,2,0.022434086629001884,0.024142453591606133,0.04386602098466505,0.09192897497982244,0.04902138821630347,0.06345843422114608,0.023809523809523808,-0.0013438206380214973,0.002898669827144463
F,9,2,0.024825127791229487,0.024697336561743343,0.040314769975786924,0.09345238095238095,0.04896758138283562,0.059957627118644066,0.02530938929244014,-0.0008668071379238498,0.0033535790385462684
F,10,2,0.02395412967446866,0.0238498789346247,0.03848870056497175,0.09134046273876782,0.04809322033898305,0.0633440947000269,0.024653618509550713,-0.0007157628945484424,0.003449668554733547
F,11,3,0.02189938122141512,0.019552058111380145,0.033272800645682,0.09323715361850955,0.05743879472693032,0.06000807102502018,0.02376580575733118,0.0014814249604542889,0.002088307138196942
F,12,3,0.020702179176755448,0.01948816249663707,0.03278517621737961,0.09555084745762712,0.05720002690341673,0.058218993812214154,0.02381961259079903,0.0017765416419176794,0.0022366482042994484
F,13,3,0.021267150928167878,0.019696663976324993,0.030357142857142857,0.0930421038471886,0.05096852300242131,0.056366020984665054,0.024781409739036857,0.0017302357272920232,0.0032218246159757594
F,14,3,0.022871267150928166,0.019387274683884854,0.03355192359429648,0.09167339252085015,0.05378329297820823,0.0568502824858757,0.02536319612590799,0.0012134069759663264,0.0022898330693104404
F,15,3,0.02191283292978208,0.0197302932472424,0.031746031746031744,0.09246031746031746,0.050400188323917135,0.056860371267150926,0.024976459510357815,0.0013195343606725535,0.0031014773370043676
F,16,4,0.019293112725316114,0.02046341135324186,0.048362254506322304,0.09050309389292441,0.07912631154156578,0.06368038740920097,0.03194444444444444,0.0013868971796280455,-0.0024314571418603305
F,17,4,0.021569814366424536,0.02072571966639763,0.05221280602636535,0.09324387947269303,0.0826103040086091,0.06502555824589723,0.033915119720204466,0.001194552973617274,-0.0026497659224091856
F,18,4,0.021505918751681462,0.020083400591875168,0.046970002690341676,0.09366424535916061,0.07518832391713748,0.05796004842615012,0.029724912563895613,0.0010746194402325305,-0.0015533861614193283
F,19,4,0.02045332257196664,0.021758138283562014,0.0511501210653753,0.09033494753833737,0.07769370460048426,0.06304815711595373,0.03310801721818671,0.0008854390969104939,-0.002273670075088286
F,20,4,0.019172047350013453,0.020702179176755448,0.05182270648372343,0.09125975248856605,0.07983588915792306,0.06317931127253161,0.031382835620123756,0.0009558513848442211,-0.0026968928516961843
F,21,5,0.01725181598062954,0.01967984934086629,0.040166801183750336,0.08867029862792575,0.07965429109496906,0.06778652138821631,0.03899313962873285,0.0036849044384110836,-0.0031945803887826747
F,22,5,0.018005111649179447,0.020658461124562818,0.03982378262039279,0.0866727199354318,0.07994013989776702,0.06776634382566586,0.03683077750874361,0.0032905475423892273,-0.0029653220800990813
F,23,5,0.017581382835620125,0.019444444444444445,0.038751008878127526,0.0885256927629809,0.0787631154156578,0.06808245897228948,0.03803134248049502,0.0037583044477649406,-0.0029198080786621786
F,24,5,0.018610438525692764,0.020436507936507937,0.04084274952919021,0.09323715361850955,0.08162832929782082,0.07148574118913102,0.04231571159537261,0.00396962910956597,-0.0029886600416582933
F,25,5,0.018798762442830238,0.01905770782889427,0.03914783427495292,0.09362052730696799,0.07852098466505246,0.06772262577347322,0.04084947538337369,0.004018879522285967,-0.0026054201185151445
G,1,1,0.026570486951842883,0.02810734463276836,0.037526903416733925,0.09664716168953458,0.05350417002959376,0.07076271186440677,0.02748520312079634,-0.00028570933539571254,0.004000608767159304
G,2,1,0.026217379607210115,0.028931261770244823,0.04384584342211461,0.10219935431799838,0.05379001883239171,0.07795601291364003,0.027135458703255313,-0.0011861715849766584,0.004002362808506234
G,3,1,0.02805017487220877,0.03357210115684692,0.051422518159806294,0.09672114608555286,0.04637140166801184,0.07741121872477805,0.02618711326338445,-0.004090139963052848,0.005746451196804946
G,4,1,0.028709308582189938,0.02593153080441216,0.038700564971751415,0.09375840731772934,0.051661285983319885,0.0732378262039279,0.026324993274145815,-0.0007372570010676578,0.004457123022324314
G,5,1,0.02793919827818133,0.024324051654560128,0.039241996233521655,0.09416532149582997,0.053070352434759216,0.07235001345170837,0.02630481571159537,-0.0004112741618816227,0.003727270539430234
G,6,2,0.02778114070486952,0.027300242130750604,0.04788808178638687,0.09486144740382028,0.06603443637341942,0.06788068334678504,0.026224105461393598,-0.0008663326677453084,0.001203728962049314
G,7,2,0.029203658864675814,0.025746569814366425,0.047484530535377996,0.09251076136669358,0.0636333064299166,0.07046004842615013,0.02576338444982513,-0.0011351106268444307,0.001456849791511458
G,8,2,0.02948614474038203,0.02625437180521926,0.05046072101156847,0.09698009147161689,0.06421509281678774,0.069605864944848,0.02587772397094431,-0.0012623163505863166,0.0015721318021591731
G,9,2,0.030044390637610975,0.0255212536992198,0.04827818132902879,0.09165994081248319,0.06613868711326339,0.0742130750605327,0.025837368845843423,-0.0013015023654307757,0.0011570853673477908
G,10,2,0.02396085552865214,0.024152542372881357,0.04617635189669088,0.09123284907183213,0.06441350551520043,0.06477670164110842,0.027105192359429646,-0.0002310310273779612,0.0005453140737700074
G,11,3,0.02096112456281948,0.0205575733118106,0.03961864406779661,0.09721549636803874,0.060922787193973635,0.057617029862792574,0.026281275221953188,0.0009657472586528101,0.00107632119196794
G,12,3,0.020281813290287866,0.019528517621737962,0.03765805757331181,0.09315980629539952,0.05764057035243476,0.05443233790691418,0.024922652676889964,0.000976508714921156,0.00121899388510579
G,13,3,0.021785041700295937,0.02081651869787463,0.03694511702986279,0.09277979553403282,0.05619114877589454,0.053420096852300245,0.02225585149313963,0.0006206172669538206,0.0020341665823653057
G,14,3,0.022195318805488296,0.01951842884046274,0.03840799031476998,0.09805622814097391,0.05998453053537799,0.05545466774280334,0.024761232176486413,0.0012225860172149843,0.0015976547930388863
G,15,3,0.021657250470809793,0.019394000538068334,0.03888216303470541,0.0934557438794727,0.05760694108151735,0.05624159268227065,0.026617567931127253,0.0008483864189792416,0.0011613579107073884
G,16,4,0.021401668011837502,0.022252488566047886,0.05601963949421577,0.09182808716707022,0.08552259887005649,0.06244955609362389,0.03461797148237826,0.0007515306521495536,-0.003566744410444812
G,17,4,0.02004304546677428,0.021811945117029864,0.052818132902878664,0.09594767285445252,0.07774414850686037,0.0591168953457089,0.03279190207156309,0.0006945207960586316,-0.00229637614875491
G,18,4,0.01927293516276567,0.02267285445251547,0.05702179176755448,0.09124293785310734,0.08414716168953457,0.06285310734463277,0.03445318805488297,0.0006250603647749875,-0.003752859978062603
G,19,4,0.020436507936507937,0.021872477804681194,0.05567662093085822,0.09362389023405973,0.08076741996233522,0.061080844767285446,0.03507869249394673,0.0006679752963928751,-0.0030595600572867784
G,20,4,0.019545332257196665,0.023217648641377455,0.05756994888350821,0.09625369921980091,0.08664581651869788,0.06718119451170299,0.0368711326338445,0.0009793575506785333,-0.003416927355894347
G,21,5,0.019901802528921174,0.02323110034974442,0.04646220069948884,0.09451842884046274,0.08765805757331181,0.07573984396018295,0.04345238095238095,0.0031621994015356243,-0.003285318792370176
G,22,5,0.019141781006187786,0.021001479687920366,0.039685902609631424,0.08839790153349475,0.07745829970406241,0.07656712402475115,0.040873015873015874,0.003944015879544615,-0.0025159430680937096
G,23,5,0.019925343018563357,0.02159671778315846,0.04014326069410815,0.08746300780199086,0.08007801990852838,0.07418617164379876,0.040624159268227066,0.0036815078163187414,-0.0028146375874018737
G,24,5,0.017776432606941082,0.020480225988700564,0.042662093085821896,0.0876076136669357,0.0852165725047081,0.07545063223029325,0.04013989776701641,0.0038931594731705203,-0.0039046691254139496
G,25,5,0.019024078557976862,0.020829970406241592,0.03951439332795265,0.08713344094700026,0.08092211460855529,0.0742130750605327,0.04172047350013452,0.004224653632615284,-0.003262243562056009
H,1,1,0.02391713747645951,0.027179176755447943,0.049401398977670166,0.10527643260694108,0.05634920634920635,0.06734597793919828,0.0237590799031477,-0.001424874896039391,0.0030075817473680416
H,2,1,0.022514796879203658,0.026627656712402477,0.041353914447134786,0.0996199892386333,0.048651466236212,0.06134651600753296,0.025295937584073176,-0.0009265975700124758,0.0039049624802096864
H,3,1,0.022282754909873553,0.023638014527845037,0.0327683615819209,0.10378329297820824,0.04933077750874361,0.05983319881624966,0.023981033091202583,0.0010676425112200012,0.005174883012962379
H,4,1,0.021936373419424268,0.02067191283292978,0.029550040355125103,0.09631423190745225,0.045994753833736884,0.053692493946731236,0.02322773742265268,0.00155219839114464,0.005239994475454407
H,5,1,0.021465563626580576,0.024048291633037396,0.03526365348399247,0.10162765671240248,0.046825396825396826,0.05594229217110573,0.022797282754909873,0.00026937449573868915,0.005220158888799024
H,6,2,0.019538606403013182,0.023846516007532955,0.03760425073984396,0.09707425343018564,0.049055017487220874,0.06038808178638687,0.02376580575733118,-5.142043111669967e-05,0.003490850542486224
H,7,2,0.01999260156039817,0.023785983319881625,0.04119249394673123,0.09649919289749798,0.049973096583266076,0.05942292171105731,0.023540489642184557,-0.0005655245558139063,0.0029812826419725077
H,8,2,0.022080979284369116,0.02438122141511972,0.040674603174603176,0.09834880279795534,0.051160209846650526,0.06352232983588915,0.023940677966101696,-0.0005009665184694486,0.0032242731684224255
H,9,2,0.02231302125369922,0.02237019101425881,0.03947403820285176,0.09412160344363735,0.05099878934624697,0.060993408662900185,0.023022598870056497,-0.0003455206215304893,0.002846547899269846
H,10,2,0.020880414312617702,0.024818401937046004,0.04162967446865752,0.09454196933010492,0.05082391713747646,0.05850820554210385,0.02433750336292709,-0.0007104861360262718,0.0026856041023645195
H,11,3,0.021196529459241324,0.017742803336023676,0.03268765133171913,0.09029459241323648,0.051429244013989774,0.055858218993812214,0.022743475921442022,0.0012653225111916638,0.002565854937749872
H,12,3,0.020117029862792575,0.018926553672316385,0.03263048157115954,0.0919256120527307,0.054099408124831855,0.05114675813828356,0.023170567662093085,0.001634752928475322,0.0022293844929893373
H,13,3,0.019646220069948882,0.018670971213344094,0.03383440947000269,0.09218119451170298,0.051166935700834006,0.052253161151466235,0.02322773742265268,0.0011950384629045273,0.002463204778687829
H,14,3,0.01921576540220608,0.018573446327683617,0.03249596448748991,0.09301183750336292,0.05359496906107076,0.051883239171374766,0.021983454398708635,0.001727238250205921,0.0024976650515071757
H,15,3,0.021660613397901533,0.01746704331450094,0.03130548829701372,0.09197605595910681,0.053090529997309656,0.05232378262039279,0.022393731503900994,0.001980930711179617,0.002830847018499072
H,16,4,0.01927629808985741,0.021563088512241056,0.04814030131826742,0.09641175679311273,0.07809725585149314,0.060357815442561205,0.03261030400860909,0.0013567774103012342,-0.0019863061868303144
H,17,4,0.020022867904223838,0.021038471885929513,0.05131490449287059,0.08913438256658596,0.07614003228410009,0.059049636803874095,0.0324287059456551,0.0007352773835603595,-0.00252811685411399
H,18,4,0.01885929513048157,0.02204735001345171,0.050901264460586494,0.09153887543718052,0.0785647027172451,0.06016276567124025,0.03234463276836158,0.0009277043402049304,-0.0025999891867640695
H,19,4,0.02019101425881087,0.020127118644067795,0.048735539413505516,0.09306564433683077,0.07573311810599946,0.060758003766478344,0.031133979015334948,0.0010798575577863742,-0.0018575528999980305
H,20,4,0.01802192628463815,0.021505918751681462,0.05035647027172451,0.08907048695184289,0.0773910411622276,0.0575531342480495,0.033545197740113,0.0010491074834535945,-0.0031233631396489327
H,21,5,0.017678907721280602,0.02060801721818671,0.03668617164379876,0.08626244283023944,0.07852098466505246,0.06525423728813559,0.03813223029324724,0.004017769543881207,-0.0030034114064988455
H,22,5,0.018553268765133173,0.021139359698681734,0.03836427226257735,0.09107479149852031,0.07986615550174872,0.06774616626311541,0.04023405972558515,0.003913063726767509,-0.0027218770076680022
H,23,5,0.019145143933279526,0.020937584073177293,0.037261232176486414,0.0880212536992198,0.07707156308851223,0.06828087167070218,0.03975988700564972,0.0038778427100376787,-0.0024953346049281042
H,24,5,0.021401668011837502,0.021102367500672587,0.03675679311272532,0.08804815711595372,0.07384315308044122,0.06823379069141781,0.03925881086898036,0.0035520263668288882,-0.0016898534011613796
H,25,5,0.018610438525692764,0.020214554748453052,0.03779257465698144,0.08893596986817326,0.0800712940543449,0.06842884046273877,0.03836427226257735,0.0039029820485828883,-0.0028045456736337806
I,1,1,0.023880145278450362,0.02675881086898036,0.0392453591606134,0.09465967177831584,0.05061877858488028,0.0600349744417541,0.024078557976863063,-0.0008142503674803032,0.0034972842290903502
I,2,1,0.02148910411622276,0.027357411891310197,0.038320554210384716,0.09697000269034167,0.047689669087974174,0.0653214958299704,0.024044928705945656,-0.000866454658611239,0.004421360310102226
I,3,1,0.022218859295130483,0.02790220608017218,0.03793718052192629,0.09471011568469195,0.04783091202582728,0.06262106537530267,0.025803739574926016,-0.0008110412833137268,0.004106579476175903
I,4,1,0.024593085821899383,0.024566182405165456,0.03751008878127522,0.09832189938122142,0.04773002421307506,0.06494484799569546,0.02448210922787194,-0.0004457654395340879,0.004518532273192005
I,5,1,0.023170567662093085,0.02629808985741189,0.04209375840731773,0.09794525154694646,0.049720877051385524,0.06183414043583535,0.02448210922787194,-0.0010440826402723295,0.003557944010150358
I,6,2,0.021468926553672316,0.02257532956685499,0.03813895614743072,0.09360371267150928,0.04740718321226796,0.06261770244821092,0.024569545332257196,-0.00035903415282584886,0.0033966662306003604
I,7,2,0.022074253430185632,0.022447538337368844,0.03638014527845036,0.08999529190207156,0.04557775087436104,0.06292709174065106,0.023796072101156848,-0.00049433904377397,0.0037898525725723266
I,8,2,0.023627925746569814,0.023896959913909065,0.044064433683077754,0.09239305891848265,0.0504136400322841,0.0619787463007802,0.024942830239440408,-0.0011331229669376125,0.0026212412409178858
I,9,2,0.024085283831046543,0.022968792036588647,0.03874428302394404,0.0929681194511703,0.04757532956685499,0.05965496368038741,0.024398036050578425,-0.0006124277277465485,0.0035212068550760024
I,10,2,0.023187382297551788,0.024421576540220608,0.039114205004035514,0.09490516545601291,0.04705743879472693,0.06051923594296476,0.02401802528921173,-0.0008046188678781312,0.003857838000743844
I,11,3,0.019689938122141513,0.01900390099542642,0.031826741996233525,0.0903618509550713,0.05219262846381491,0.05431127253161151,0.023106672047350015,0.0013872664801859323,0.002359888852923082
I,12,3,0.02056429916599408,0.01956887274683885,0.028877454936776972,0.09117567931127253,0.04826472962066183,0.054923325262308316,0.022460990045735808,0.0016432581143649482,0.003901019187382988
I,13,3,0.02091740651062685,0.018940005380683345,0.03042440139897767,0.09134382566585957,0.05072639225181598,0.05326540220608017,0.022706483723432876,0.0016256462644601425,0.0031436641462062134
I,14,3,0.021317594834543988,0.01746704331450094,0.03266747376916868,0.0975349744417541,0.0532183212267958,0.05578759752488566,0.02422988969599139,0.0021108486633686823,0.003038653972241331
I,15,3,0.020682001614205005,0.019535243475921442,0.02878329297820823,0.09495560936238902,0.048469868173258004,0.05754977132095776,0.024145816518697873,0.002071043411252179,0.004288428876649482
I,16,4,0.018422114608555286,0.020527306967984934,0.04373150390099543,0.09170702179176755,0.06938054882970138,0.06174334140435835,0.031261770244821095,0.001328441950128583,-0.0010925236802230725
I,17,4,0.020372612321764863,0.0211864406779661,0.041703658864675815,0.09017688996502556,0.06850282485875706,0.06029728275490987,0.03164178100618779,0.0013207339659938309,-0.0007990656258097706
I,18,4,0.0189030131826742,0.02215160075329567,0.04845977939198278,0.088939332795265,0.0741323648103309,0.05717984934086629,0.03140637610976594,0.0008041015063724771,-0.0021715999020647473
I,19,4,0.019188861985472153,0.02046004842615012,0.04731302125369922,0.0912059456550982,0.07452919020715632,0.05942292171105731,0.030912025827280063,0.0011408959984106236,-0.0018999591605671018
I,20,4,0.01906107075598601,0.020362523540489643,0.04641511972020446,0.08981369383911757,0.0728410008071025,0.06102031207963411,0.029684557438794727,0.0010542237815802861,-0.001599796860841498
I,21,5,0.019915254237288134,0.016653214958299703,0.03879808985741189,0.08463478611783697,0.07723634651600754,0.06572841000807103,0.03421778315846113,0.003369601269192876,-0.0028393339387440524
I,22,5,0.018227064837234328,0.017998385794995964,0.03910411622276029,0.08731167608286253,0.07656712402475115,0.06908797417271993,0.036575195049771324,0.0035239191956720787,-0.0026770089704842353
I,23,5,0.017342615012106537,0.01714756524078558,0.03756725854183481,0.08666599408124832,0.07203389830508475,0.06793112725316115,0.036117836965294595,0.0036689656441166096,-0.0023327327435946946
I,24,5,0.018371670702179176,0.01993543179983858,0.03723432875975249,0.08720742534301856,0.0722693032015066,0.06967312348668281,0.03727804681194512,0.0034257109100228615,-0.0019121622429363544
I,25,5,0.01734934086629002,0.018095910680656444,0.03775894538606403,0.09257465698143665,0.076530131826742,0.07184221146085552,0.036696260425073984,0.004077358291440777,-0.002220512545786049
