condition,image_num,sample_id,boundary_fractal_D,boundary_fractal_R2,particle_fractal_D,particle_fractal_R2
A,1,1,1.0458356359227359,0.9986094153906995,1.1473270500137969,0.9674463838323835
A,2,1,1.0438185069279768,0.9987885537596816,1.3287134177831585,0.972115603140608
A,3,1,1.0330201566489696,0.999613918219662,1.0046653084645805,0.9674157976317379
A,4,1,1.027016180317561,0.9998250450360531,1.0682846437904665,0.96846199751689
A,5,1,1.0806730079592393,0.9957841468832034,1.1065301292450533,0.9771673509894362
A,6,2,1.0360538377119732,0.999127426377529,1.301647090877076,0.9720647717653456
A,7,2,1.028343562724445,0.9996682925780533,1.2560467992464404,0.9697684468215894
A,8,2,1.1697314262121992,0.9919516894446172,1.0298604339124198,0.9852887062186323
A,9,2,1.1522646112114052,0.9914648024758486,1.2591464443393778,0.9806445177706835
A,10,2,1.1163428478048845,0.9940135511754083,1.2698167384565917,0.9807692538675798
A,11,3,1.0336749562859622,0.9998117867000339,1.3532043840058066,0.9766895421465065
A,12,3,1.0328539843415279,0.9998716407284812,1.3781198858744543,0.9789525719693188
A,13,3,1.019375186220475,0.999887753391854,1.385133049840207,0.9791686634997943
A,14,3,1.044674977061829,0.9981182237910543,1.3786135258382677,0.9771083524287467
A,15,3,1.0111987001262897,0.999943675516808,1.326786625611825,0.976814352839337
A,16,4,1.026442313311228,0.9998718585031044,1.1387673505954747,0.9719946790426538
A,17,4,1.0155795250408515,0.9999176592671959,1.1891593672319816,0.9741571868726131
A,18,4,1.020217692060242,0.9998896587503517,1.1513918275017212,0.9774981094267311
A,19,4,1.0462719775377893,0.9983998546916072,1.2262071049064265,0.9751433380422211
A,20,4,1.056686551366794,0.998698745084101,1.1971605205226523,0.9732060931896205
A,21,5,1.041061264734711,0.9990151064467536,1.1863070592273353,0.9745725801297479
A,22,5,1.0460913412900315,0.9986434890936503,1.221504480802395,0.9737007203577042
A,23,5,1.0155795250408515,0.9999176592671959,1.2354554801377402,0.9758704998745473
A,24,5,1.0081569044927747,0.9999764069713616,1.2399642242114899,0.9706539017705659
A,25,5,1.049494256003122,0.9979517260485974,1.3923879716408922,0.978658299671201
B,1,1,1.046839869734619,0.9993574000879336,1.3460924233429747,0.9683550289233446
B,2,1,1.1786842099180683,0.9920388339663633,1.168930938130815,0.9816013854902412
B,3,1,1.1441073936377049,0.9951509223903,1.1146940985974896,0.9842173947279975
B,4,1,1.2041108108022742,0.9856163809798586,1.1855853431894543,0.9702228329844695
B,5,1,1.181653468854484,0.9898908699352716,1.0880698500149963,0.9761631016847141
B,6,2,1.113501715172799,0.9953669624891054,1.4105249925947734,0.9735656684983957
B,7,2,1.1198077521582221,0.9959188211166805,1.2251231736491521,0.9809148130060227
B,8,2,1.1971946147947268,0.9922022686362318,1.1023145307831872,0.9870660934910014
B,9,2,1.1578866164717982,0.9932463272397274,1.159654298830157,0.9844394015084592
B,10,2,1.1369393020217167,0.9948579151154638,1.2340243677445142,0.9825118236527239
B,11,3,1.0197359775923867,0.9997762185022093,1.3920838805262832,0.9747493822920517
B,12,3,1.0115599906740793,0.999983583968533,1.3847449177952205,0.973404429331973
B,13,3,1.0351277726689867,0.9993895498642057,1.3604536379206853,0.9721617807509213
B,14,3,1.0160275454235508,0.9999413397750112,1.3569637559793173,0.972561954331311
B,15,3,1.03268042000565,0.99941824788154,1.3857334232366092,0.9729507772203821
B,16,4,1.014811124390595,0.999903303698771,1.416820905034485,0.9755437932527865
B,17,4,1.0231859294765224,0.999849747864434,1.413084486552278,0.9748893727101093
B,18,4,1.0304109271087907,0.9998362846866141,1.3959274879021193,0.9748652531164032
B,19,4,1.0476262129225973,0.9993026245162997,1.3991116599011042,0.9746382749211929
B,20,4,1.0193821410932267,0.9999479128977284,1.3838984353753072,0.9761681187926635
B,21,5,1.0250385371567052,0.9998550885690027,1.2393490594488765,0.9833878891148973
B,22,5,1.0167773179275132,0.9998611095186783,1.2351525104870191,0.9786793501604603
B,23,5,1.0177391108648342,0.9999478274264613,1.2755144226778392,0.9803586123462691
B,24,5,1.0118377823133753,0.9999775553305109,1.2764841469436934,0.9772429844195651
B,25,5,1.0120626975191638,0.9999703785170996,1.3066703149919556,0.9799898731824787
C,1,1,1.0440732142661444,0.9986399317195347,1.2995535711780255,0.9702500870824389
C,2,1,1.0378854483981916,0.9994995211873411,1.3117672782328123,0.9728197047654805
C,3,1,1.0369232265209367,0.9997053000093491,1.3243007266119455,0.9742643117805254
C,4,1,1.0286723318328128,0.9997987837959516,1.3378315532163938,0.9769074423835346
C,5,1,1.05300939544008,0.9993842096847038,1.356989784282778,0.9806704183603763
C,6,2,1.0460355056228,0.9994325569289004,1.311177450939839,0.9759815450214442
C,7,2,1.0311012713233376,0.9991969971348674,1.3216809598296535,0.9758801929318254
C,8,2,1.0206502595876064,0.9998147527365312,1.3373464990965116,0.9729650774981746
C,9,2,1.033529802781577,0.9996944960981087,1.3441313820589367,0.9731900913127927
C,10,2,1.0317429610688655,0.999382879987002,1.3125734328206138,0.9715444257174163
C,11,3,1.0376936156769627,0.9995183431067903,1.4262669798325986,0.9776541070218268
C,12,3,1.0376334345679927,0.9995291395280593,1.379232800808142,0.9777226958473494
C,13,3,1.0331090849565034,0.9997811401263911,1.379328239154558,0.9764328349217601
C,14,3,1.0278440691328536,0.9996459766364456,1.3784880263735277,0.976729705507332
C,15,3,1.0400393900471059,0.9987314783052285,1.355080746375517,0.9773237054754266
C,16,4,1.0344233775690836,0.9996676279815546,1.4099559261329448,0.9810491535597489
C,17,4,1.0491623018210243,0.998834380952031,1.3654362416617158,0.9796930118206596
C,18,4,1.0263423583452684,0.9997958771231268,1.3307571298215037,0.9777764196422224
C,19,4,1.0304025795175857,0.9994883871635881,1.3243103677907015,0.9761284636095627
C,20,4,1.01843814734951,0.9999234532758962,1.332768554986428,0.97746448017784
C,21,5,1.0278170102223254,0.9997610373500095,1.4322963047665045,0.9803514374338663
C,22,5,1.0266005286675803,0.9996225534204592,1.1868415986443326,0.9858480885953997
C,23,5,1.0512706495532034,0.9987015570302602,1.2829933372893105,0.9802664181787384
C,24,5,1.050651845836212,0.9986764056755777,1.3123736010403422,0.9801458963794292
C,25,5,1.0375007935237746,0.9995105567631392,1.372443349841347,0.9810190067674972
D,1,1,1.0340155501909405,0.9996275762244068,1.3387771490622666,0.971273802300109
D,2,1,1.0262027817691106,0.9995855613889472,1.343184223246303,0.9721004169643177
D,3,1,1.030955250205511,0.999544247288015,1.2996675949768832,0.9686423094838773
D,4,1,1.029589186217481,0.9994331030071173,1.2963838929789708,0.9692813924532254
D,5,1,1.121948103307205,0.9968399087083943,0.9840662123583446,0.9854774381747261
D,6,2,1.0096834524287444,0.9999349037858523,1.426102288693965,0.976205296349359
D,7,2,1.0318798852801336,0.999641897710277,1.4363263075844872,0.9736470211388901
D,8,2,1.0244480294571752,0.999813820826946,1.4264890301537718,0.976307293467681
D,9,2,1.0085835560421013,0.9999859390774694,1.4314872246402375,0.9768403808078349
D,10,2,1.0221384573504786,0.9997058092004497,1.4279106936577608,0.9771233342751849
D,11,3,1.049438748274114,0.9991458748316974,1.4300771395621084,0.9809816223010557
D,12,3,1.0381154399565942,0.9991524883449127,1.4342845060113718,0.9792494205277795
D,13,3,1.0491564502366522,0.9989631967881599,1.4119828543459503,0.9799548270734526
D,14,3,1.0299483662743774,0.9994753625571502,1.4277287064354007,0.9811095792968775
D,15,3,1.0333728220842022,0.9985005678561325,1.4139815159741682,0.9781391037823371
D,16,4,1.0485442521903539,0.9992782864233289,1.289130147326807,0.9778641757969452
D,17,4,1.0514351750111353,0.998830938602293,1.2868672152916576,0.974073278112548
D,18,4,1.022623391858438,0.9998740902602509,1.2242349493687337,0.9780251228244031
D,19,4,1.0528992405154276,0.9986778644188526,1.2906302438662116,0.9732776118844652
D,20,4,1.0478158555164354,0.9982096276940061,1.3634553416349129,0.9787551655533343
D,21,5,1.0545164833425618,0.9986286637877699,1.3245379011956688,0.9770445252345015
D,22,5,1.01675978206658,0.999909530295456,1.300828891614501,0.9821504852970705
D,23,5,1.0227340992657536,0.9999283922257278,1.344058498695633,0.9838897941248365
D,24,5,1.0762025622261076,0.994925796162218,1.35596049050091,0.9809571298435242
D,25,5,1.0481120268934485,0.9979121340364316,1.2776358087904287,0.9874522636802616
E,1,1,1.1586628363445666,0.9901623804220814,1.0670093209776064,0.9770231365600226
E,2,1,1.0978772375394825,0.9978287989263103,1.1155012844571104,0.9816562051924557
E,3,1,1.1208772467155201,0.9952955630413187,1.1040831533334694,0.9837644428380007
E,4,1,1.1240906521479332,0.9971641717723463,1.0500074753102877,0.9838671583999158
E,5,1,1.047280565672562,0.9983795962121925,0.8847253817137826,0.9722957721277815
E,6,2,1.0421286155442941,0.9995103954368137,1.2744819734560247,0.9658613263559934
E,7,2,1.1378272875938538,0.995539319292734,1.190118831562321,0.9830083296397913
E,8,2,1.0357051872844996,0.9997263213748988,1.3519274466570108,0.9718387548339308
E,9,2,1.0834321367881676,0.9967756483401778,1.2333458206051637,0.9686024925763468
E,10,2,1.0522728917040896,0.9988086250943884,1.219881879514925,0.9630461662677362
E,11,3,1.0270516292599872,0.9991628225467349,1.366584485154542,0.9723990593451552
E,12,3,1.0358635354546186,0.9987731861308176,1.4166375050568267,0.9732250473200587
E,13,3,1.020654238692118,0.9996981523172144,1.3974642903136767,0.9767473789190656
E,14,3,1.0406411668012416,0.9993995205036539,1.3252204097125315,0.9672427090858783
E,15,3,1.0206476423783637,0.9998710457850727,1.3523544352526422,0.9708188284963731
E,16,4,1.0204941797461207,0.9998384467133256,1.3606616412786925,0.9703567908644866
E,17,4,1.0251045716932377,0.9997958333825679,1.3674684885983754,0.971054613656446
E,18,4,1.0290519622017533,0.9997309853437709,1.3836236403547137,0.9712367384546059
E,19,4,1.0218639972335817,0.999831402419585,1.3168589002652247,0.9706639921027472
E,20,4,1.020765615620016,0.9998994435549896,1.3428676275108664,0.9714648655404368
E,21,5,1.0281214354218249,0.9994926164822351,1.336383897316957,0.9762765816382651
E,22,5,1.029701274818686,0.9995898660049125,1.3053286215819264,0.978942532308681
E,23,5,1.024458142024921,0.999845737264541,1.2726597108566984,0.9774793800988149
E,24,5,1.0181884137423705,0.9998669311277827,1.3767796504555216,0.9778602573605828
E,25,5,1.0304784908746214,0.9994887482442345,1.3510719269731528,0.979686847949822
F,1,1,1.094677438361399,0.9971033839800898,1.13328785653998,0.9683153262167821
F,2,1,1.0358121443457142,0.9992620242214106,1.3118367577411607,0.9744101928967916
F,3,1,1.0484821035478844,0.9986049964980533,1.290118862538195,0.974703168738839
F,4,1,1.035791348734177,0.9995217734776067,1.2828544061665703,0.971075724941333
F,5,1,1.0485655009333454,0.9981599101436588,1.2832597256520188,0.9718650197233033
F,6,2,1.0483044907056267,0.998405819250216,1.275664530014579,0.9675869484387881
F,7,2,1.0281792414098136,0.9998765432473493,1.3158989831576569,0.9715093952421507
F,8,2,1.028411382575368,0.9997153795829521,1.3867680013216175,0.9733897979412097
F,9,2,1.058197226830402,0.998657228618647,1.341785731411606,0.9715777482255442
F,10,2,1.0170310150514152,0.9999224080676203,1.3301106061033343,0.972121643718577
F,11,3,1.0415203616310715,0.9992543895685646,1.33122776661631,0.9775158557040804
F,12,3,1.02279095293617,0.9998652854863603,1.315005682874586,0.9768174922097173
F,13,3,1.0234822360114308,0.9998928977210554,1.3411286474580901,0.9776391217006766
F,14,3,1.0192848326535737,0.9996075712228533,1.3598516428301932,0.9746965773433413
F,15,3,1.031495400610436,0.9996815278563178,1.343424915814591,0.9769330957356911
F,16,4,1.0374614840853045,0.9995515767493794,1.4014166545980653,0.9821394655586982
F,17,4,1.0374851933846623,0.999628178346697,1.3723284367303359,0.9784519555764295
F,18,4,1.0148352769787499,0.9999444929670545,1.3869200344050772,0.9812484151394836
F,19,4,1.0255083295500194,0.999489493752472,1.4074313713192244,0.9807319453234591
F,20,4,1.0591824823048799,0.9982259220299046,1.4061077578049315,0.9796317817002376
F,21,5,1.0111610642706004,0.9997131491811198,1.3988083291437823,0.980415516312296
F,22,5,1.0510927219521224,0.9986486132665323,1.2350217064671813,0.9740976366310861
F,23,5,1.0699396970516104,0.994060019581017,1.352300065066127,0.9834538448046796
F,24,5,1.0258248990934817,0.9998474497010634,1.333739492141288,0.9791301748921452
F,25,5,1.04277962040228,0.9987458797448602,1.2607577291755339,0.9747001827192013
G,1,1,1.046108834748521,0.9994414273833868,1.246511816017464,0.9744183738254948
G,2,1,1.090528501165052,0.9973721065432988,1.1924232870241933,0.9745480088733216
G,3,1,1.1535119600539048,0.994241325971426,1.054073266066366,0.9783180260230863
G,4,1,1.1002438174426308,0.9941708403390767,0.9527102476372006,0.9816622382473337
G,5,1,1.0247804167672683,0.9994432867255034,0.8701866440363352,0.9756130818228985
G,6,2,1.139774608768883,0.9930649627977065,1.2386859619790451,0.9830986777087423
G,7,2,1.03823352252545,0.9991993854589108,0.8844836810598151,0.9819979127282205
G,8,2,1.1423511989454112,0.9940910232526257,1.1485927642814355,0.9851496071280735
G,9,2,1.0490596915308898,0.9965956949404432,0.8627428064147773,0.9741167528650929
G,10,2,1.1110956923124264,0.995083724403239,1.2264672998395252,0.9835806843081478
G,11,3,1.0205014122648126,0.9997274595542679,1.4234248900993351,0.9807705740146968
G,12,3,1.0278805997022233,0.999873106092461,1.416424803359219,0.9813624869365856
G,13,3,1.0283694279983646,0.999717415380416,1.4186298892594402,0.9808674972240071
G,14,3,1.0273178410588208,0.9994691020377828,1.4280999571241535,0.9799951088759525
G,15,3,1.0321256377183623,0.9996337661592658,1.4187375514174,0.9803715893044607
G,16,4,1.0569754080806557,0.998072058060478,1.4021759938770186,0.9802079299805959
G,17,4,1.0621568054723731,0.9982719242496889,1.427559094986893,0.9832436076371126
G,18,4,1.0354313955974979,0.9995293972038343,1.434888967934937,0.9800490114039734
G,19,4,1.0961178732550179,0.9932502474194022,1.388259978969055,0.9810119246748237
G,20,4,1.0266567273909843,0.999695502372487,1.378207875018293,0.9777088769622386
G,21,5,1.0304567368502027,0.9997639213653252,1.401052354688508,0.9806705802260455
G,22,5,1.023075721287004,0.9997134677116933,1.409561958482764,0.9763444676184287
G,23,5,1.0576062087170952,0.997143674415169,1.4013286918542682,0.9760186756015813
G,24,5,1.0591744460663222,0.9978728206478404,1.364865274291181,0.9743248546370846
G,25,5,1.0699408985234868,0.9941946671063839,1.2494315292309364,0.9743365807019174
H,1,1,1.039837282446184,0.9992525195886789,1.3665735672174941,0.9773161557339497
H,2,1,1.0242618958555454,0.9997136102263643,1.3544344595416047,0.9750161293272308
H,3,1,1.036935154886825,0.9994960252578514,1.2222811107544258,0.975710654940056
H,4,1,1.054831072277303,0.9985924492068464,1.1923225185486166,0.9728131724855316
H,5,1,1.0225635578891639,0.9997241451631464,1.2841029435446627,0.9723190229718538
H,6,2,1.0408062439719437,0.9991774284479503,1.289062581496846,0.971092755075243
H,7,2,1.0343401427547223,0.9993336105981534,1.311580040223074,0.9731054951560958
H,8,2,1.0432927754296304,0.9992068636163494,1.3237438472813212,0.97210328860406
H,9,2,1.0313349680364396,0.9983480345012172,1.2950256147811336,0.973370374096296
H,10,2,1.0283135594636796,0.999055360199386,1.2905389558881513,0.9708007444685455
H,11,3,1.0213221946565776,0.9998622393723401,1.3243658862277619,0.9774673111724406
H,12,3,1.0109557950707124,0.9999737934057782,1.362526688349359,0.9796526447056152
H,13,3,1.0521511111988893,0.9986381459075198,1.408053879973899,0.9774882559496928
H,14,3,1.048561132860742,0.9986266611927856,1.4136860470804067,0.9778457898624083
H,15,3,1.0499863532035616,0.9986787192432791,1.4134565626985318,0.9774120587146741
H,16,4,1.013340061887646,0.9999221540093328,1.4014238734701703,0.9794706474737879
H,17,4,1.0459745193830983,0.9990200774448912,1.4207176383390807,0.981754328968821
H,18,4,1.0140133922475854,0.9999149780015536,1.3928161291078445,0.9842530840009646
H,19,4,1.0247950489425968,0.9995719266369218,1.4330225061607886,0.9816672437618363
H,20,4,1.047036045854868,0.9986799901905984,1.413271604671904,0.9817881548661972
H,21,5,1.0310707326146586,0.9995271226451605,1.3284289075367754,0.9781556449813287
H,22,5,1.0357245605046013,0.9992351522511465,1.2897836309786148,0.9796024349592536
H,23,5,1.0348609656481507,0.9994029367228651,1.3409432160024874,0.9767335226014523
H,24,5,1.0375241967369029,0.9991327164091429,1.370385908939411,0.9777279592693185
H,25,5,1.0409802433842728,0.9991825735185258,1.3234449643015758,0.9799969445973328
I,1,1,1.031452710209521,0.9995620834789577,1.2629692589107357,0.971328610050491
I,2,1,1.0239465515472423,0.9997154625024709,1.3466881895830995,0.9688521596615249
I,3,1,1.0331826947756058,0.9995159277858839,1.3175843164507781,0.9708213818405174
I,4,1,1.0445282265292974,0.9984522436457974,1.3410921740965616,0.9682718020088487
I,5,1,1.0367476010473808,0.9994352261464818,1.316462781798638,0.973927806299254
I,6,2,1.0275543266370781,0.9998023909516702,1.3645667604432992,0.9767966894808425
I,7,2,1.02005828137892,0.9999016246660202,1.3353707471978546,0.9755846716956079
I,8,2,1.02668833553234,0.999171095049658,1.2980355399277168,0.9679805786482931
I,9,2,1.0201017132191987,0.9995724997079287,1.3593843574745643,0.9747156997083726
I,10,2,1.0422571591276117,0.9993756061155901,1.3541401763775769,0.9747844071758055
I,11,3,1.0293233021196622,0.9997742910780028,1.271359452631647,0.9736715363248464
I,12,3,1.0186682499716733,0.9999126986326151,1.1899713113837573,0.9715623338330471
I,13,3,1.0134090734430263,0.9999179412337607,1.2807176996887766,0.9761864336018353
I,14,3,1.020499971369515,0.999910234637823,1.317808664411423,0.974964701926129
I,15,3,1.0289604962019163,0.9994321017245748,1.2866735483276006,0.9749212428070362
I,16,4,1.016528465809054,0.999916606477144,1.312170704659718,0.9769248808272049
I,17,4,1.0467673947871645,0.9985873291669628,1.3554946596348427,0.9772582621744014
I,18,4,1.0160547312870634,0.9999206919929838,1.374236953782536,0.9784900588045324
I,19,4,1.0476664795900685,0.9989794296557021,1.3274413261193057,0.9762965750125423
I,20,4,1.050250381134033,0.9990645727230398,1.3052987259845217,0.9757788767730203
I,21,5,1.051699131900672,0.9984890604759912,1.2087744075164388,0.97047943077921
I,22,5,1.0176454597799873,0.9999135392885796,1.3693824035974451,0.9811558693153356
I,23,5,1.0216193999833039,0.9998854442272727,1.170558485278594,0.9798091487232422
I,24,5,1.0074769400168926,0.9999777055561692,1.3411657482432555,0.9841912165488759
I,25,5,1.0082168420062003,0.9999784549197527,1.3387395498451138,0.9759769733269593
