condition,image_num,sample_id,particle_count,area_mean,area_median,area_std,area_skew,equiv_diameter_mean,equiv_diameter_median,feret_diameter_mean,feret_diameter_median,circularity_mean,circularity_std,solidity_mean,solidity_std,aspect_ratio_mean,aspect_ratio_std,eccentricity_mean,eccentricity_std,deposit_area_px,deposit_equiv_radius,deposit_center_y,deposit_center_x
A,1,1,804,608.502487562189,224.0,1338.955398955585,7.269875213587254,22.896584511395353,16.88803298257901,35.065600922750576,24.08318915758459,0.6974052886284835,0.2706575774196605,0.8436265132074134,0.12260046033970334,1.7613285091157234,0.6338049553081857,0.7519883927832924,0.14688345670717548,1389296,665.0012418301154,887.1581174926006,1139.8801176998998
A,2,1,1680,270.3047619047619,168.0,603.3132758788263,15.709170848261584,16.739174871474493,14.625465582862905,23.45241041306617,18.439088914585774,0.8709739237240692,0.1959880079655906,0.9131062766864754,0.09017600977458809,1.5095120372772282,0.6352852715343285,0.6578982850564806,0.1681484606702592,1453744,680.2507531641319,926.1354901550754,1301.9406387919744
A,3,1,455,494.78681318681316,232.0,919.8482951929286,6.953315903837162,21.58457717031155,17.186959427966244,32.81736744739132,24.166091947189145,0.6937177512338494,0.2593917631961996,0.8431389937285215,0.12014432743001843,1.7915894028324757,0.5781118761149048,0.7645047524868773,0.14037082336496953,1456352,680.8606607548537,930.505427259344,1237.2880951857792
A,4,1,601,544.0532445923461,300.0,724.7013894197769,4.9543502368988905,23.36402398422538,19.544100476116796,34.52035351254373,26.832815729997478,0.669397406781362,0.2540509772124867,0.8467779631872009,0.10588959750304527,1.781344815896171,0.7543108003818375,0.73138941808628,0.17090520578627563,1372496,660.9682636463781,922.8843625045173,1240.571775801168
A,5,1,237,610.1940928270042,316.0,764.2476611623199,3.019915848033541,24.61641118777373,20.0585068271871,38.08601420538681,28.284271247461902,0.6657908561881432,0.2579032913554343,0.8338587948400245,0.11363465567427171,1.833866584127233,0.6201528026830146,0.7723053476266117,0.14394885316923323,217680,263.22936011107794,1476.264571848585,917.3823961778758
A,6,2,1816,303.54405286343615,204.0,391.62027377247193,8.400922917758798,18.24381597562811,16.11647812414279,25.68725644463673,21.540659228538015,0.8191094469281133,0.2010652838724311,0.8986901281902904,0.08980229870627265,1.6406706288040163,0.5264265947808676,0.7111239250468813,0.17123086620445482,1602336,714.1704206897612,998.9809178599245,1236.7155053621711
A,7,2,1483,344.28860418071474,216.0,412.7610501642152,5.886594946302844,19.292358711939574,16.583719174624104,28.216281115468473,22.80350850198276,0.7660573753746064,0.22795743406825061,0.8739188578670842,0.10154427619581287,1.716455998194433,0.6226357019098078,0.7323664878742371,0.16196438096226828,1678928,731.0399309140229,968.5123983875425,1260.3758922359982
A,8,2,299,767.2642140468228,268.0,1714.6942182708392,5.1046964664953265,24.894800963968486,18.47236308621676,45.840929331055236,26.68332812825267,0.7459112279105424,0.26431906237143965,0.8687991717128648,0.1277252322464205,2.148271602973867,1.9362544278176084,0.7582171245903799,0.16693945267027488,316512,317.4096701359364,653.1635325042969,1110.7587200485289
A,9,2,1595,607.0620689655173,304.0,1538.3203416585034,15.066713235635627,23.732555931695998,19.67396303746374,39.11032916168535,26.68332812825267,0.7474344833872092,0.25080193160671366,0.868989175647293,0.12201855271290425,1.8900704694579253,1.2289632707552676,0.7488053386351464,0.1677721185020683,1165232,609.0195935252912,843.1508712428083,1226.4109258928695
A,10,2,1505,568.98073089701,284.0,1369.9110412474402,13.880260356661418,22.957485125337353,19.015783725757565,37.44995754037136,26.30589287593181,0.7432964918772936,0.2477898186423339,0.8670204812145598,0.11787319759731497,1.882164946088632,1.111303161324145,0.7508919886804174,0.16165685509077748,1119216,596.873116813848,847.0748738402596,1213.6221998255921
A,11,3,2068,331.63442940038686,208.0,916.1042344481284,18.70154988639368,18.270791758375708,16.273715780512877,27.113248999653138,21.540659228538015,0.8443478283894753,0.18801608343263101,0.9078287375079075,0.08380652952440537,1.6754668814812101,0.8943232937469293,0.7124118821204066,0.16140090048376335,1460608,681.8547985012162,945.6706248356849,1276.3391026202787
A,12,3,2335,350.70321199143467,232.0,961.510799132879,21.41791353387004,18.963689359921307,17.186959427966244,27.95095870236672,22.360679774997898,0.8438791317491269,0.19043422279521993,0.909717127244815,0.08553891800830613,1.6714090553336831,0.8165400032356773,0.7155077341517331,0.16117204009100822,1421728,672.71842390729,998.1812667401922,1206.345033649193
A,13,3,2371,338.5997469422185,236.0,909.1698386033801,25.33047335644293,18.857182507241646,17.334489682638438,27.721648689457208,22.80350850198276,0.8376971864670102,0.18827662089157793,0.9066099856692157,0.08466828846482534,1.6931739595088504,0.831762029676039,0.7165494532519435,0.1661231260466326,1413104,670.675013255943,948.2597232758523,1257.5387685548976
A,14,3,2114,334.0624408703879,216.0,881.8075055998511,15.14684092563023,18.393908378910055,16.583719174624104,27.22074883440896,22.090722034374522,0.8425633941619668,0.18847932483606394,0.9076193428322851,0.08621140807058134,1.6673189292131176,0.8886726176599413,0.7090977389953964,0.16488514708523433,1361056,658.2078550501851,990.0583429337221,1283.2884936402322
A,15,3,1839,319.66721044045676,208.0,653.0933393210347,10.650525529543295,18.17367018679141,16.273715780512877,26.852607304936768,21.540659228538015,0.8367885825184775,0.19083340350511863,0.904168634126719,0.08343286828395605,1.7060715656670629,0.928209706487719,0.7163860626093628,0.16654149696668186,1364080,658.9386538560211,1067.1708462846755,1246.776828338514
A,16,4,617,308.7131280388979,176.0,354.51237367736803,3.6559194448848977,18.15698698428285,14.96964127403822,27.039306118533755,20.396078054371138,0.7966595090053515,0.21886710528761524,0.883105279329568,0.09818457884428469,1.782966336835519,0.7337438663806854,0.7414641022927022,0.16484506032681526,1005760,565.8121164558155,988.6993636652879,1271.2883550747692
A,17,4,671,323.7853949329359,192.0,408.5918466630336,5.502706139766924,18.567744890024354,15.635280380893438,27.716763966261468,22.0,0.7807080886907938,0.220877781964111,0.8794575455279148,0.09700845025655844,1.7909010911273358,0.7103764996934904,0.7461979046067031,0.16537672134606127,933056,544.9779345653391,940.4490362850676,1289.5729816859866
A,18,4,600,297.8666666666667,188.0,310.70521684577625,3.822356361761068,18.09722202467355,15.471555655790098,26.99658612175089,21.540659228538015,0.7836019394128647,0.2177710334897233,0.881644430880353,0.09708437209772809,1.8099324740032672,0.7369753908932906,0.7495575277074829,0.1628724752741737,904272,536.5060273652,980.5632199161314,1334.6456375957675
A,19,4,691,349.6787264833575,216.0,503.8224737340874,9.44057338756387,19.2496623354387,16.583719174624104,29.260456215827638,22.80350850198276,0.758208847799232,0.23472477333483605,0.8679829141682441,0.10644659965937099,1.82054176624836,0.815620418460545,0.7510201592981168,0.15808813281891634,850336,520.2598921481261,971.3114627629549,1293.12119444549
A,20,4,636,270.8679245283019,200.0,204.96606558259842,2.86580500707291,17.701548231539025,15.957691216057308,26.52933656964313,22.360679774997898,0.7555899685726417,0.2202302377333412,0.8675265525918174,0.09936576397009406,1.851374153612226,0.7331780029466277,0.766408563264227,0.14784098854127917,939360,546.8158507995224,976.0793902231306,1294.864196900017
A,21,5,566,618.0636042402826,248.0,1930.8972712326088,14.3637325898542,22.738494050931237,17.769732893161912,39.088874042011916,24.53484193744942,0.7006447718421803,0.26800543367140844,0.8413897758677605,0.13387635695849742,1.9446828548712165,0.8892580565597751,0.7702572644504184,0.16468091028811557,769824,495.01776717765443,925.3766263457621,1257.532422995386
A,22,5,674,537.9762611275964,212.0,1421.215623287139,10.618537410481169,21.47444002749947,16.42944866646031,35.937778712295675,23.40939982143925,0.7211204998232652,0.2566528884091966,0.848441170096232,0.12935730369823478,1.899568267431458,0.807319514887953,0.7756495566988562,0.14963843271576407,820336,511.0000575268716,947.2848686391917,1270.8121647715082
A,23,5,817,478.3892288861689,224.0,875.8135323305142,5.7683324269355944,21.1945489848269,16.88803298257901,34.68380823723465,24.08318915758459,0.7064850719256414,0.2589102046199004,0.8383408149093128,0.1302492226456037,1.9216126445891621,0.7126448007105177,0.7877946849258528,0.14021141846168167,848160,519.593796215509,984.3106395019807,1285.5036974155819
A,24,5,760,569.6,220.0,1365.493334045536,7.090075400846706,21.971944427480288,16.73656774376801,36.93820803143178,23.40939982143925,0.7105339631143541,0.26154976268736,0.8440815909223015,0.13163197949546754,1.9446966931412695,0.8679186262960246,0.7818574333314294,0.14542679168805223,859520,523.0618638102875,1010.3523454951601,1246.0891288160833
A,25,5,1553,584.1725692208629,268.0,1969.675513884074,15.492284186911483,22.40471887606303,18.47236308621676,37.35985626800788,26.30589287593181,0.68048210169573,0.2609856443645752,0.8276483041410427,0.13483587235862343,1.8948071306212722,0.694602999620559,0.778286108668084,0.14881901702182332,964112,553.9732673951215,979.1252385614949,1302.2643261363826
B,1,1,3378,802.4760213143873,404.0,1222.5246898451326,4.9919358305677015,27.624822164313805,22.680140565547774,43.950570819365645,32.0624390837628,0.706552451736493,0.2647657226612225,0.8526525236267409,0.12732345794536676,1.8963915752067753,0.8406758450229326,0.7653245822299855,0.15600642889717375,2932064,966.0770974014393,913.522809870453,1242.5921671559693
B,2,1,1064,858.6466165413534,388.0,1359.9643080673625,4.719834890667964,28.062097939928876,22.22649192646566,46.18067706593756,31.622776601683793,0.7022755264467865,0.2668027035844017,0.8574522185188315,0.11929775608924119,2.0452246583000733,1.2855666298361292,0.7679499384329802,0.16245858935710378,1199680,617.956312579595,944.5305148039478,1290.1747932782075
B,3,1,632,968.3924050632911,460.0,1426.5366562101246,3.635949052597422,29.844597039921137,24.201036973199617,50.9619394179214,36.82386522543601,0.6495140334148793,0.2714153266527915,0.8368871753273118,0.12449804232551617,2.2167184163927316,1.384850898938448,0.7968377500012479,0.15456723986175813,729968,482.03322603095455,752.1648839401179,979.4352519562501
B,4,1,1614,668.1412639405205,272.0,1205.2316582922638,4.716058184246907,24.428526402729307,18.609705966725112,36.06271745980327,24.73863375370596,0.7930193873551451,0.23857118597616603,0.8962125763181918,0.09639448021551504,1.7294542872221537,0.6993428089854744,0.7236219609137003,0.17223265853788605,1947008,787.2432247272312,900.1764841233318,1143.3750246532115
B,5,1,539,974.3673469387755,428.0,1540.8809550362757,3.7779414183796973,29.649855638241718,23.34408972623798,47.022283290488545,32.31098884280702,0.7090815470980973,0.26513446571407884,0.8633759911451598,0.1148224812176701,1.896160998086929,0.9043122901954814,0.7611633426614101,0.16212960894235298,603520,438.2994210692519,493.51898197242843,1137.2289501590667
B,6,2,4440,469.4927927927928,276.0,625.1659459388051,7.030006696155703,22.06735485609626,18.746042631630413,33.288047944733634,24.73863375370596,0.773778627131684,0.243490465964319,0.8811739940510057,0.11181600933264227,1.7677980467588246,0.8465745134342064,0.7239289864687224,0.1823961454055921,2801952,944.3987622887086,873.1296067884103,1273.3805404232478
B,7,2,1398,558.9670958512161,278.0,1031.7547376062535,12.35851653634481,23.268259434240328,18.813718754641503,37.1390494342421,26.0,0.739181781044682,0.2541731230051686,0.8686660312610764,0.11465674686185177,1.892343108246964,1.074491587961409,0.7523687720444318,0.16379093890107782,1164256,608.7644822497411,631.7598466316687,1095.087609597889
B,8,2,699,498.40343347639487,296.0,661.4616382673822,5.479239609533547,22.67442162748263,19.413369239820483,35.64883313167833,26.832815729997478,0.7466637282510173,0.23754992508146575,0.8757419146271909,0.10406570178995998,1.9104298929325272,1.073670013115522,0.7515923867047979,0.1761316067713424,517936,406.03466503549646,705.4733094436378,1048.1975997034383
B,9,2,434,568.258064516129,320.0,663.8097669438208,3.6079031134532027,24.170305319749698,20.185060176161283,38.25528372697673,28.284271247461902,0.7273476166718844,0.2532848487240738,0.8671861194987192,0.1105750835830742,1.9127217048356435,1.0563979576888782,0.7468105601324989,0.17660575190942288,344640,331.21340427944887,318.31151346332405,969.366295264624
B,10,2,1345,577.7278810408922,284.0,1004.9274910189789,6.825326823237247,23.474745979845903,19.015783725757565,37.401312690993024,26.68332812825267,0.7297033779068742,0.24704043441695098,0.8666873195908035,0.10867800053348771,1.9141360296705563,1.0740156505668612,0.7621314485728684,0.1603314003051744,1189904,615.4333487954949,768.6182347483494,1278.935060307386
B,11,3,3393,461.0409666961391,308.0,608.2864782762989,7.331134722529205,22.15356271829632,19.802974013476614,31.948788768055856,26.68332812825267,0.79024533920538,0.21728462553787567,0.8888685643274141,0.09670520193070628,1.6867935314791136,0.5994535469006381,0.7276959032340184,0.1595052194585964,2158944,828.9832440509143,974.8386396312271,1265.693368609839
B,12,3,3326,428.3223090799759,276.0,560.5059128512856,6.128082853018648,21.282995603791353,18.746042631630413,30.47723957502275,24.73863375370596,0.8020407196602599,0.21131555730770732,0.8938665053785749,0.09271579720046236,1.6818916332330622,0.5797262028017266,0.7247977375747764,0.1649712247427219,2261152,848.3790637234341,943.9447432105404,1328.1603076661809
B,13,3,2665,437.78311444652905,248.0,874.3299808455968,11.44712625824416,20.83237510291303,17.769732893161912,30.555577089618232,24.166091947189145,0.7898481922221543,0.2178005199465049,0.886768979730829,0.09719969160102263,1.7105067406983905,0.6207168385954622,0.7346294960148885,0.1581791697206041,2047616,807.3267095223028,955.8569106707507,1238.5743264362068
B,14,3,2979,412.15575696542464,252.0,710.2231565347348,9.394957007314515,20.526069363232843,17.91246396432554,29.63631457747125,24.166091947189145,0.7944168223402721,0.21424686692211334,0.8907430765370988,0.09435484044075249,1.6755687370100412,0.5666094230419574,0.7223451150957454,0.1671086829026537,2222464,841.0899255653775,980.5539077348385,1267.7116569717214
B,15,3,2959,393.5789117945252,264.0,598.628737100936,14.846332979455447,20.581345356628873,18.333991376950163,29.94569946033684,24.73863375370596,0.780736517756703,0.21751435092988025,0.883682068187799,0.09653937756150494,1.6787032593892552,0.6674440123818213,0.7206990951972281,0.16375570908201606,2000224,797.9292410872573,964.8679427904075,1297.2745852464525
B,16,4,3880,441.2896907216495,296.0,607.6761516903865,8.526243212448952,21.71256217622834,19.413369239820483,32.5460814826921,26.68332812825267,0.7267282647504377,0.2379705505906973,0.8619335156789785,0.1056757284248719,1.7880865505035135,0.6489660708626669,0.7524230746276945,0.15625546801478762,2410896,876.0205656038883,937.6899642290667,1270.543980329305
B,17,4,3746,459.66364121729845,300.0,661.1461715311443,8.649368253603932,22.0068904816544,19.544100476116796,32.86207959314139,26.68332812825267,0.7263503192677057,0.2408704680387438,0.8620162247967437,0.10862207352135032,1.774149761331616,0.6540178549838839,0.7460784084715072,0.16126301154707112,2376592,869.7659047268452,937.8146152137178,1256.9380120777987
B,18,4,3526,439.0550198525241,284.0,613.7719241251569,9.649930328378167,21.611782988584967,19.015783725757565,32.51180176327085,26.30589287593181,0.7234039764945183,0.24147106714672756,0.8608095952838082,0.10734371402754955,1.8024691455582815,0.7009021061874359,0.753208923435733,0.15890086998160413,2308096,857.140464020491,958.6381710292812,1249.2617846051464
B,19,4,3138,433.22370936902485,284.0,687.9310827947627,12.805109982833375,21.405469930175904,19.015783725757565,31.61570855483557,26.30589287593181,0.7341234811218591,0.22933081192573954,0.8657454988956905,0.10059981864714793,1.752095452763071,0.6482100719944636,0.7464977331817133,0.15329197265838143,2067632,811.263031691919,968.1362602242565,1279.3858597661479
B,20,4,3248,400.29926108374383,256.0,593.8078374386622,7.941450712360688,20.532619172722754,18.0540666735282,30.272010810022383,24.73863375370596,0.7541864948929901,0.22734202287921623,0.873116360618929,0.09957706733687427,1.7594009167637585,0.6306786423688869,0.7466208419609534,0.1570687934204861,2155648,828.3502094720059,950.9230449498249,1252.5423965322725
B,21,5,918,504.71023965141615,236.0,941.7685588591066,7.081097994151104,21.795232483400255,17.334489682638438,35.61373374376544,24.331050121192877,0.7019293499589186,0.2723640031441399,0.8411438115478591,0.13489677078307094,1.8908741959211222,0.7908719909159915,0.7680791165652733,0.1549055925456311,971888,556.202803537875,1035.1683403849004,1337.1655417085096
B,22,5,877,500.56100342075257,224.0,1021.5730170712832,8.427475435213712,21.52761127953807,16.88803298257901,35.92316828950806,24.08318915758459,0.6959803231729926,0.2693429920544169,0.8334301799702627,0.13335654302336955,1.926530959567235,0.8520964362859371,0.7781593150416289,0.14574700422210313,971152,555.9921605446975,969.4683674646193,1254.149060085342
B,23,5,1013,452.9713721618954,220.0,1000.9930110010349,8.329580436831906,20.516842307651462,16.73656774376801,33.663891366417765,24.08318915758459,0.7130468390929027,0.25325683255340936,0.8417143531899288,0.1293111835687886,1.9230343329145325,0.9026649773878019,0.7728208004875122,0.15454235323435983,898640,534.8326804900778,968.3926911777797,1260.7538413602776
B,24,5,948,498.2489451476793,218.0,1379.8628848709182,13.039596308983658,21.002081844457066,16.660143459196057,34.95022559389401,23.106454161711007,0.7151756069105499,0.25900655308026416,0.8442321228266623,0.13187802768909182,1.915926087507171,0.7584591296231622,0.7815320243580335,0.14463838614508043,892000,532.8530927713016,961.4766098654709,1287.7628161434977
B,25,5,1178,471.64006791171477,216.0,1980.4395261047543,18.407977355203073,20.11462427343978,16.583719174624104,33.61962031777913,23.40939982143925,0.7308773179255752,0.24321770333540835,0.8495671896714826,0.12310909410617467,1.8977853194692278,0.7793787235870414,0.7729993943606751,0.15567326060299347,924896,542.5896612467319,956.8239456111822,1275.3795280766703
C,1,1,1550,691.7367741935484,332.0,1262.1296165155343,5.901534227149376,25.28571660217481,20.56004690782767,41.045537399535114,28.87804084183739,0.7122254042567843,0.25238336332567485,0.8567578136949401,0.12257091238944488,1.9436260960668763,1.0299732728668363,0.7775969238210966,0.14492411994917775,1465200,682.9257977529404,1004.1476658476658,1342.2650996450996
C,2,1,1335,831.8771535580524,404.0,1478.8414110141837,8.137260235671668,27.85764103821098,22.680140565547774,46.29786170306138,33.1058907144937,0.6757809584608068,0.27134341466522727,0.8362459858419271,0.1380171029691207,1.9675706111278415,0.8923279597453219,0.7818616788542914,0.1484809813020141,1134640,600.9718206867742,970.2776069942889,1261.5939152506521
C,3,1,1049,756.7778836987608,344.0,1569.821764220002,9.755556778877096,26.240249753036014,20.928315827817965,43.61434783058922,30.066592756745816,0.7103372500366113,0.2652507310832066,0.8496986933677995,0.1304000076745892,2.004355563063225,0.9617898363521071,0.7792452039997003,0.16070468869737897,831984,514.6151303126784,1042.0318563818535,1218.2717071482143
C,4,1,1319,787.3510235026536,348.0,1570.1548681328163,8.627104220043917,26.669078132526316,21.049640414216977,43.43015419942344,29.5296461204668,0.7385292495624964,0.26567253202570557,0.8636785418149213,0.13310413183036723,1.9172351400129608,0.8504617639533508,0.759415506755285,0.17009021879389238,973824,556.756505667463,968.2442823343848,1271.7041929547845
C,5,1,1617,586.4291898577612,308.0,1243.4556433460773,9.608645446012833,23.578131056968875,19.802974013476614,35.117097129519905,26.0,0.8129681119418065,0.23215439308207755,0.9006126099734326,0.10951236817605432,1.7482568964689196,0.7803437245713001,0.7094016864916814,0.19547556973813407,1029664,572.4964896377502,958.3909469496846,1280.6695310314822
C,6,2,2272,691.1672535211268,348.0,1297.9031818683682,7.906897394699146,25.492005450404346,21.049640414216977,41.00963435521788,30.463092423455635,0.6755886966106097,0.25683276708544983,0.8440946088416378,0.11852818577555407,1.9465523695168288,0.8551168835847169,0.783755983554997,0.14585932162105492,1871440,771.8146496405683,951.7515795323387,1284.5562988928311
C,7,2,2434,795.2867707477403,388.0,1406.4032126825,6.496992907100101,27.209239633534935,22.22649192646566,44.584474633367705,32.0624390837628,0.670080542666954,0.2675615832355656,0.834724067360555,0.13092954261890613,1.9376066655059285,0.9001612369836925,0.7805304411706835,0.14483547773300529,1940496,785.9256077391175,987.9325656945441,1241.1350293945466
C,8,2,2065,833.8905569007264,348.0,1839.8189342662558,7.37073147560743,26.77347090582921,21.049640414216977,43.706111655275556,30.265491900843113,0.7034276411670614,0.264729244218742,0.8478104226101852,0.12917683496482088,1.925964348392946,0.8442952876737193,0.7706937895705415,0.16225707340759685,1692096,733.9011412799734,984.0803547789251,1238.1898521124097
C,9,2,2227,811.5976650202066,404.0,1389.4590606996032,6.372100519938187,27.526860363295913,22.680140565547774,44.8177973296456,32.2490309931942,0.7113555529864648,0.2686516121470788,0.8532661188843599,0.13206709755804988,1.9548698672672802,0.9408359240276691,0.7658700116674987,0.1667105381939261,1754208,747.2494555519563,953.2989748080046,1254.455617577847
C,10,2,1940,948.7628865979382,432.0,1692.604308907779,6.575063417052888,29.3821308965591,23.452920571340155,47.610373905521655,33.04536785971749,0.7201823910383786,0.27159719142534317,0.8574835644764948,0.13453469629804185,1.906598477141595,0.834796583424586,0.7589154870095387,0.16960913052866064,1725536,741.1175127913477,995.5626819724422,1272.2881608960927
C,11,3,2169,503.7270631627478,340.0,584.017463605195,6.370132182069704,23.280271194863566,20.806283791440396,35.762338777719826,29.732137494637012,0.7164671330165467,0.25020718101679074,0.8551539709878412,0.11751191598532873,1.8488246157418857,0.7021919156028749,0.7618464432050692,0.1586783558504034,1157328,606.9505284265878,902.3902713837391,1267.61388992576
C,12,3,1923,617.0754030161206,400.0,748.8836172938177,5.933994618187237,25.455674948714734,22.56758334191025,39.74644281917941,31.622776601683793,0.7120108607848141,0.2591765781842047,0.8537271844136325,0.12388796130143925,1.8708035530880391,0.7994214673553176,0.7610989971729945,0.16406379759414494,1140992,602.651668591912,1076.0420125645053,1217.2904980928877
C,13,3,1724,702.3619489559164,424.0,946.9626179186056,6.764860774702264,26.683847965206326,23.23474912642073,41.5076397867247,31.622776601683793,0.7277061584845553,0.267075122424407,0.8617838976040599,0.12804122371144325,1.8180729704238938,0.7505946055893826,0.7397768307322297,0.1786156002181852,1074416,584.8052963799521,967.8336063498682,1291.1821194025406
C,14,3,1810,656.5016574585635,404.0,823.5465889934162,7.075273130090322,26.09478120722832,22.680140565547774,39.59030447284413,30.528675044947494,0.7467052036831063,0.25683401676345685,0.8710356888236152,0.12104466405852018,1.774360085681301,0.6922325648203604,0.7365877976698307,0.17127195987556867,1104896,593.04242681694,1025.6731348470805,1243.5269346617238
C,15,3,1933,680.6683911019142,408.0,894.3565461811345,5.141693270480575,26.275693483831315,22.792141940852034,40.95231924667895,32.0624390837628,0.7308534314514095,0.2599871062497203,0.8631792268856355,0.12435094312046585,1.8487177789065707,0.9163272354671796,0.7487023497426984,0.1756126656470887,1249152,630.5691325669649,965.2776411517574,1269.4269392355775
C,16,4,1973,569.7617840851495,324.0,1205.5033919535108,15.350836034879764,23.690005076789202,20.310825007719227,37.648524017728654,28.635642126552707,0.6816943548824831,0.2651141951497419,0.8357439204601302,0.12668312252796465,1.8699990152788286,0.7253824371962627,0.7670151822352799,0.15979910738302333,1093648,590.0160763954914,982.6448802539757,1266.0857241086712
C,17,4,1741,779.5818495117749,400.0,1647.0309475814533,11.25185012682377,27.01810932652462,22.56758334191025,45.098496854549104,32.984845004941285,0.6440211248655693,0.2914458984442424,0.8139144661852319,0.14731580448513665,1.9265741430419714,0.8928697044446947,0.7712858963696358,0.15586337191576582,1113888,595.4507221437306,1015.3870407078629,1289.492645580166
C,18,4,1370,970.9868613138686,472.0,1596.1101990592342,5.727369470564742,30.239159349207,24.514670406003766,51.44060342967298,36.13852665359478,0.6245545413028311,0.2982015697163963,0.8066322744158536,0.15490365020769964,1.966693876280199,0.8755727827526193,0.7781164515473986,0.15785971953403327,1014864,568.3671738691694,991.2946995853631,1284.3782418136814
C,19,4,1527,1080.1074001309757,484.0,2101.1464533296335,6.628886239039864,30.869566852216817,24.824341676101277,51.95388018165946,36.76955262170047,0.6248526087791381,0.29575352455464415,0.8060984006683757,0.15401295452302785,1.924385055064376,0.7878151861005708,0.7805962566336185,0.14868908203738176,1210608,620.764443805528,1014.4940393587354,1268.70404953544
C,20,4,1909,951.5830277632268,504.0,1699.0771505641626,11.928415656258453,30.08063799688351,25.332049473868512,50.62209153394555,37.94733192202055,0.6034786870573815,0.28744918503689276,0.7975920396047584,0.14736704517566998,1.9658744119530756,0.8239975413482471,0.7863071887941138,0.149586429454435,1403856,668.47680855691,1048.7703525147879,1223.8883475228229
C,21,5,1686,714.5717674970344,352.0,2405.3356496397696,15.134576851623994,24.968674935188535,21.17026971360491,42.700834891789725,31.304951684997057,0.6239815251302065,0.272356417483575,0.7970490454510124,0.14547795270944752,1.97386402917942,0.7122767072126347,0.7957958351108294,0.14385018104456487,1072992,584.4176258431277,954.5567534520295,1274.708374340163
C,22,5,649,456.94298921417567,288.0,530.0103174086041,4.588506122247224,22.008678647456406,19.149229459268767,35.31874659017331,26.68332812825267,0.6811553395629157,0.2597562350348274,0.8327475672448006,0.12434224258243536,1.946298251454461,0.8196447458007591,0.7730991869810533,0.16382716538096148,1137024,601.6028424369672,983.3197680963639,1272.8095238095239
C,23,5,893,378.17693169092945,228.0,405.55212882957255,3.3776110921130296,20.14496148712355,17.03815178355966,31.14719110047841,24.166091947189145,0.7166418496790237,0.2474784020449924,0.8508105952306118,0.11744499887408423,1.8798440073912108,0.7654762169812022,0.7621149073504063,0.16764170741341558,912592,538.9685108169474,958.9892788891422,1274.2854550554903
C,24,5,1027,371.6728334956183,236.0,479.589316343609,7.675755886779644,19.987872673880446,17.334489682638438,30.94458571260296,24.331050121192877,0.7218502652104063,0.24493490391269482,0.8497873019579585,0.11820945543582938,1.8610744602616647,0.8092933023217174,0.7523237467186312,0.173130955039197,898112,534.6755357226442,990.9320530178865,1244.3361006199673
C,25,5,1756,405.76993166287014,244.0,612.7508284838386,7.281207273719662,20.487216130851404,17.625846048215095,31.911867625054853,24.73863375370596,0.7109574920081007,0.24142649322472043,0.8438826310941011,0.11767946152981365,1.8757936845906962,0.716786876660821,0.7723395798711357,0.15380668449302842,1116176,596.061956109496,994.8004974125944,1232.7048852510716
D,1,1,2336,1034.2140410958905,548.0,1521.215525049909,5.339290545376582,31.493450310846228,26.414679072721462,51.76915037445836,36.82386522543601,0.6200402027979676,0.28665673918424184,0.8169121626078188,0.14332963450039968,1.9070284510470055,0.8898626428812663,0.7570575001955973,0.17054041271720077,1889792,775.5897603959442,950.193714440531,1250.2170143592523
D,2,1,2394,1010.2255639097745,524.0,1416.4840526953037,3.992070920885476,31.08641820220424,25.829779740470595,51.30690429764205,36.05551275463989,0.6246313869306478,0.29133312479290124,0.8177164818426899,0.1465151490268704,1.9082648388572168,0.8180664563046111,0.7591645277117077,0.17170637342674613,1863136,770.1003883292899,959.7682788588702,1271.9323033852602
D,3,1,2009,1281.3140866102538,540.0,2778.857303596331,9.052135315339157,33.14612618794536,26.221162334209897,57.101096220639846,38.05259518088089,0.608145378220576,0.29320523831182976,0.807390316751607,0.15034838201835385,1.999145860100863,1.0166439448087001,0.7800520439887128,0.15475373655631838,1972912,792.4628661146431,917.5394462601474,1335.8996042398242
D,4,1,1987,1437.0226472068446,592.0,3085.8777753666704,8.432180752681743,34.864326142895074,27.45465007031079,59.349004574328404,40.049968789001575,0.6099307726953236,0.29382024128112466,0.8038739172990408,0.15509283342441926,1.950453789128589,0.9338455845207054,0.7740067449416828,0.1578343161133794,1948768,787.5989590385537,963.2088622144863,1192.5639255160183
D,5,1,143,1534.4895104895104,608.0,2538.665494130012,2.999462993518496,35.83463841824923,27.823185353208192,69.15399325687768,38.47076812334269,0.6400807796858103,0.2945080948365341,0.8349552117424889,0.14353467952649107,2.6079888124667554,2.1902892732166364,0.8030733830639958,0.17294084447025415,190704,246.37972427696565,352.2139860726571,1287.1759795284838
D,6,2,3956,614.0394337714863,360.0,1144.2914317916968,13.48950280203468,24.744742959000803,21.409489393833255,40.25390030848844,30.265491900843113,0.7007009829253206,0.25936162940750374,0.8514231363406057,0.12547079521363252,1.9576191746580909,0.9789066813251951,0.767988921504844,0.1633081809278194,2276080,851.1749325169311,933.373804084215,1264.0251836490809
D,7,2,3759,643.6541633413142,352.0,1130.716726080732,11.086199501896973,25.136325667894734,21.17026971360491,40.90318582322274,30.463092423455635,0.6935300179235406,0.265556851614228,0.8457320262837144,0.13061861687479048,1.9380772636637495,0.9605352584583144,0.7682760309913819,0.15813611939710065,2248400,845.9834206978497,943.5336879558797,1234.1429033979718
D,8,2,4062,527.6602658788775,312.0,1050.4573667838283,14.813851434497082,23.08117908197735,19.931149940667517,36.14611395626942,28.071337695236398,0.7308437213898278,0.24699796157691328,0.8604083419420094,0.11863678885134049,1.8167015701882736,0.8971192863609803,0.7480991587895705,0.16186368597325415,2358416,866.4335684482861,954.31087645267,1281.22279699595
D,9,2,3957,458.78695981804395,280.0,1081.4050667787646,22.299679821192935,21.621834657098628,18.881394877652593,33.42514316505023,26.076809620810597,0.7565702956705093,0.23450101844216859,0.8718274404906309,0.11061751846458004,1.809544123877879,0.7782144062530285,0.7521567221771974,0.1611202730084905,2228816,842.2910229158397,960.1362194097674,1364.1578703670468
D,10,2,4160,520.7105769230769,318.0,1138.4539154100753,34.302564460835626,23.11207440709466,20.12178350167419,35.79086431005058,27.85677655436824,0.7615633392159239,0.2441893991695916,0.8727395331967251,0.12006332706768173,1.8232232324709894,0.7924306553778917,0.7477777194002543,0.16622349841253325,2346512,864.2441597424302,984.6047682688177,1311.5821099572472
D,11,3,2695,415.13766233766233,284.0,677.4610960943319,11.874898297107066,21.07621679160608,19.015783725757565,32.15669497296115,26.30589287593181,0.7583565705944048,0.22590813177898725,0.8724506099360533,0.1054263607315364,1.8528270269744742,0.8702390787859523,0.7619885018723573,0.15187830717530687,1370160,660.4055372675056,992.3743854732294,1261.9852688737083
D,12,3,2576,372.0745341614907,252.0,662.6879778567734,13.726018818501093,19.92792109504119,17.91246396432554,29.28814909389819,24.08318915758459,0.8096171370872517,0.20948314742212965,0.8949363885584334,0.09594322619582211,1.735135124049229,0.7564157899756141,0.7297165845665553,0.16911558951563715,1332880,651.3592565525195,936.8209531240622,1231.425406638257
D,13,3,2697,396.2906933629959,248.0,1033.4235798006466,20.488641837989267,20.002440519080267,17.769732893161912,30.564205530729556,24.166091947189145,0.8069917193697684,0.21035337554825462,0.8927003396753893,0.09934308901536382,1.777739574770516,0.8952483516821708,0.740476143918518,0.1615653144008609,1459232,681.5335441750063,1047.8907809039276,1261.2053134799676
D,14,3,2412,382.72305140961856,264.0,869.3601271578832,22.233092285765917,20.100085120287616,18.333991376950163,30.806275952168953,25.298221281347036,0.7624191710390302,0.21594718726711765,0.871201849754374,0.10178423637550285,1.8418002164513456,0.7880173702884812,0.762885183237727,0.15607204678793973,1200672,618.211749859273,1025.5617787372405,1243.8273366914527
D,15,3,2416,343.4420529801325,240.0,515.6520115880778,11.216573804314347,19.334536855845183,17.480774889473267,29.21666664348007,24.331050121192877,0.7642110473988357,0.21228631229359918,0.8720732595180153,0.09923413940922378,1.8447376448643305,0.757508879153597,0.7701735063484713,0.14428419371321927,1353872,656.4684624773844,1036.9920169705852,1246.4664251864283
D,16,4,1166,413.934819897084,240.0,575.6233769946781,5.120634191291113,20.644494611381177,17.480774889473267,30.969203412186555,24.166091947189145,0.7429678430151844,0.2369279149002092,0.8666804747366905,0.10311206637904925,1.7813665821383164,0.666828900638472,0.7503475397378873,0.15722056203146276,1012672,567.7530352728303,1021.0368766984769,1228.3000379194843
D,17,4,943,364.542948038176,216.0,534.4856229266521,7.306393750878835,19.45097768272022,16.583719174624104,28.941110748837396,22.360679774997898,0.7647542963896719,0.2333628689345788,0.8730266292615207,0.10307123645520275,1.7442643768200954,0.6960324653701744,0.736479578859835,0.15999305622445328,908928,537.8854601392944,977.4002253203774,1247.934234614843
D,18,4,841,378.7443519619501,204.0,628.102313886148,8.045683293450772,19.589529420537275,16.11647812414279,29.537363823554664,22.090722034374522,0.7673858837572222,0.23064764348277952,0.8741166744538127,0.10203108745079878,1.7572250873016897,0.7738101246923261,0.7391406074585917,0.16090877979321835,952352,550.5842866690853,1042.8911494909446,1158.2953361782197
D,19,4,970,395.8721649484536,208.0,1059.2578511390143,15.089874941132482,19.453236754932366,16.273715780512877,29.42739119487381,22.360679774997898,0.7798368635617985,0.22370868939536454,0.8803304109251564,0.10007452779185821,1.752770097962163,0.73591469139778,0.737586904154819,0.1629660954600128,896288,534.1323162549683,917.3611160698347,1212.3986397229462
D,20,4,1239,416.62308313155773,248.0,698.7002466846154,8.540417847972343,20.61910029285887,17.769732893161912,32.13661670589268,24.73863375370596,0.7394825147875916,0.23789691949077227,0.8628522084956476,0.1125368294106347,1.8432529802020554,0.751678025469674,0.7606158630019418,0.151308808044862,772064,495.73743450197725,985.2420317486633,1240.509740125171
D,21,5,1123,475.9679430097952,228.0,1092.0818166046897,8.027800540353237,20.859388983401214,17.03815178355966,33.274177642716154,23.40939982143925,0.7288225372576982,0.24537687834714297,0.8523412573115157,0.11747725381345545,1.8744795759874289,0.8733544933016177,0.76635007908967,0.15366716040974143,903840,536.3778589095167,961.5880155779784,1237.2402018056293
D,22,5,1149,534.6945169712794,244.0,1353.994902748351,12.565350778850817,21.883099604251488,17.625846048215095,35.657340794373326,24.73863375370596,0.7139007162923255,0.25529616530425575,0.8444422518290898,0.1255212867450375,1.8995830019513424,0.8195876691523027,0.7688907400414668,0.16112002242110246,922256,541.8147306896685,1019.7384066896827,1274.4396783539494
D,23,5,1409,560.3463449254791,280.0,2267.6276235420373,19.248098019352437,22.216308954293464,18.881394877652593,36.1291392141707,26.30589287593181,0.6977892924736376,0.2564647218191634,0.8390873828774514,0.1260687635333767,1.8577969611037586,0.7487827538165337,0.7649168938483168,0.15831892966076647,856608,522.1750616260073,1043.383447271097,1305.470039971609
D,24,5,1258,540.8489666136725,252.0,2074.8051042465468,15.568449085011675,21.446577278858843,17.91246396432554,35.477476259521,24.73863375370596,0.724916261743007,0.2460051083283042,0.851105988431531,0.12016908625975768,1.876674052135121,0.8011976067763293,0.766854734630504,0.1588833707067497,876144,528.0959164021353,865.7589528661955,1112.8822385361311
D,25,5,1004,533.2749003984064,256.0,1427.1254643005027,13.170485376089827,21.956011745547883,18.0540666735282,35.76906134589313,25.298221281347036,0.7095933265496039,0.25864522393306777,0.8472807427253269,0.1240200776801694,1.8841931228097732,0.7780242070040093,0.770222235271281,0.154665314525902,683216,466.34151348442566,924.0351162736235,1201.949450832533
E,1,1,789,1023.3662864385298,432.0,1694.2324090175782,5.545833175147136,30.34835948924705,23.452920571340155,50.42651760775973,34.92849839314596,0.6729348552949891,0.2730279219083828,0.8527994137669354,0.1184844070917838,2.140413732432153,1.3456254446724305,0.7786186932600869,0.16432685281970255,1062160,581.4602554852526,967.310228214205,1159.0148000301274
E,2,1,567,896.4938271604939,268.0,1827.5872399591422,5.463376312682333,26.966958768172415,18.47236308621676,43.508911986776994,24.331050121192877,0.7604514515249907,0.27739974999985156,0.8815897803066314,0.1252245158780157,1.9466805104182274,1.1072024721400082,0.7408719716823713,0.1831798402277945,590848,433.67356344596374,426.5086655112652,1161.870883882149
E,3,1,670,898.5253731343283,304.0,2458.4713660121665,10.74599370169977,27.071562398773633,19.67396303746374,42.31268861378568,26.191351248371205,0.7909970293932057,0.2526212822593108,0.8994639912394343,0.1137776275337747,1.8213194193154683,1.0223221831575255,0.6992164688843469,0.21407122345375681,628048,447.11730831847404,747.8189055613584,980.8929635951392
E,4,1,293,1204.8873720136519,416.0,3113.4870428570302,8.879553668449262,30.88549171737269,23.014509567006368,49.78085218208837,30.59411708155671,0.7498152501126376,0.2746862687497582,0.8786338626213971,0.1292001731905107,1.9447357495786726,1.0809419762191839,0.7331420307234157,0.19661335160185625,347184,332.43360167834,569.6106041753076,714.1599382460021
E,5,1,82,1764.0975609756097,546.0,2960.6380343789515,4.105304716261264,38.20037161606501,26.353637434165336,58.17242235851075,37.95261522249122,0.7277226800733531,0.29448700413804074,0.8718969367824463,0.1290726113028175,1.7418869096091925,0.7166952016096481,0.7126396639161767,0.186991529798109,159456,225.2918578451572,821.960766606462,1577.457053983544
E,6,2,2491,535.6081894821357,240.0,1025.7365800064983,6.513305500797671,22.141092530884357,17.480774889473267,33.8023286524904,22.80350850198276,0.8131185127714201,0.2370885347933986,0.8993917988727149,0.10621350867075532,1.7493971004978894,0.9024845262622258,0.7161249619452983,0.17445360004427737,2818016,947.1020812056645,914.3879097918535,1269.635153242565
E,7,2,1057,642.3462630085147,284.0,1320.4979910557715,8.692701558340117,24.133180345144886,19.015783725757565,37.50819132952485,24.73863375370596,0.7877454178244153,0.2505528860636169,0.8902702671539676,0.11516804120144133,1.81641279020122,1.003458490305961,0.719817620955518,0.1883853699236185,895296,533.8366490423855,590.1759596826078,1009.4022803631425
E,8,2,3388,489.3175914994097,292.0,789.1799270568317,7.400892522824,22.233864634380932,19.281751659604673,31.78685923246614,24.331050121192877,0.8462463078441034,0.21038227450575786,0.9156030325212432,0.09512400518136316,1.6529697953082776,0.7373789263641423,0.6785814962758651,0.1999670440729671,2752544,936.0352383088342,926.242225374054,1259.6860097422602
E,9,2,2008,664.2569721115538,252.0,1453.202788154134,6.689101943989375,23.675049394871028,17.91246396432554,36.702942809395026,22.80350850198276,0.8255394212595892,0.23724761653809887,0.9074571226044489,0.10687447625648955,1.7777394928834866,0.9776146665567874,0.7098667859706274,0.18524963730223917,2386640,871.6026082806786,854.767428686354,1270.1248918982335
E,10,2,1855,794.7687331536388,284.0,1636.1241416850364,5.687010625782241,25.815846013449633,19.015783725757565,41.723997845391196,24.73863375370596,0.8094011199681069,0.24591357194643482,0.9008302354841607,0.11448502483079029,1.8577016514721612,1.1378842653406613,0.722730873910172,0.1819651902168348,2624912,914.0762768841922,874.3220801306862,1282.0829681147407
E,11,3,2115,329.50354609929076,192.0,1193.8560476056725,13.779475429619325,17.53741822206567,15.635280380893438,26.818748487482566,20.8806130178211,0.8373365389304793,0.1840719532252324,0.9016967140393776,0.08880321006666025,1.7151482888591922,0.9339731537188906,0.7281133662516113,0.15859206003592005,1579552,709.0747614612856,1067.2874840461093,1291.3780413686918
E,12,3,2751,349.3173391494002,216.0,1345.4458016127687,18.281309660411598,18.398111622308015,16.583719174624104,27.886372154572,22.360679774997898,0.8187355047796616,0.19138334227845458,0.8969973966175036,0.08928597907947342,1.7124477095259385,0.8608136543890774,0.7297628071967063,0.16126010214969197,1742544,744.7610236245231,1000.092659927095,1254.1049821410536
E,13,3,3510,496.57549857549856,360.0,649.2870574376775,10.095863051967582,23.244440182439977,21.409489393833255,31.03382521884775,26.0,0.8940852818920201,0.18075024146762492,0.9350914824245398,0.08083108272085716,1.5146473144662622,0.6106498947174166,0.6335098060929147,0.19862696959932807,2924336,964.8031194617696,930.2481493234703,1277.7038835482654
E,14,3,3057,488.2747791952895,364.0,542.1247686518512,7.494860862191621,23.22694541035584,21.528102431092233,30.593655698270098,26.076809620810597,0.9023413953005025,0.17340761562894513,0.9385647192492546,0.07657169760856018,1.4880369884502196,0.582207743220996,0.6244877166611473,0.1974884312672296,2888368,958.8514427881429,919.6579521722994,1257.8554560914677
E,15,3,3153,513.6479543292103,380.0,627.8111190090771,8.585972591587453,23.70672168659457,21.996159369293583,32.164143913804956,27.202941017470888,0.8808678768449988,0.18306772689773107,0.9299927499070225,0.08265114755316783,1.5600164585197118,0.5842189359676928,0.6667387887469728,0.18167417471547825,2583216,906.7872909057266,952.6607608500412,1242.0188695022018
E,16,4,3551,1044.4167840045059,460.0,1756.2989093312726,4.8742554220525705,30.72022987678898,24.201036973199617,49.149367111259714,34.0,0.7096716171640405,0.2832111578069257,0.8484452683504211,0.14405844853404629,1.840931124824052,0.7095451736509294,0.7528293704378849,0.16977232337924666,2922128,964.4388166672202,934.6875400393138,1244.482681114585
E,17,4,3655,931.3904240766074,456.0,1412.6112201118115,4.878341494950213,29.64906578122077,24.095585330081406,47.53736585840365,34.0,0.712782279073368,0.2810660552557832,0.8493905778632472,0.1430971051420763,1.8680065257830067,0.7425902945160321,0.7550800386982762,0.1733820401318131,2911984,962.7633642848172,938.1564431672701,1297.2123720460002
E,18,4,3899,818.7494229289562,428.0,1162.6001676708072,4.429552843665353,28.158333897233785,23.34408972623798,44.26817777344904,32.31098884280702,0.7330032021186175,0.26891420531808957,0.8592200621042344,0.13522423190162597,1.848319240004437,0.7310061897629604,0.7538422303260053,0.1679010819220724,2930576,965.8319279320541,930.3565797304011,1283.5246886618877
E,19,4,2616,1182.5,548.0,1730.8798768234474,3.61972358443375,33.058767305601904,26.414679072721462,54.720831447964706,37.94733192202055,0.6725403592762078,0.29693550629886534,0.8295143672208256,0.15340074572106158,1.890587788779975,0.7802648250595721,0.7590664503420386,0.1718335426159891,2446000,882.3751932174612,946.6448830744072,1210.75284055601
E,20,4,2791,992.0831243281978,504.0,1432.7951313528295,4.785194248290687,30.787573386230687,25.332049473868512,49.428793907550975,35.4400902933387,0.7000012378421175,0.2828104545139616,0.8431593403121087,0.14481854332746316,1.8656491205019612,0.7584884358348102,0.7530991758565913,0.17279393363550524,2306592,856.8611538589214,939.8663656164592,1258.4479058281656
E,21,5,1340,1219.0059701492537,508.0,5100.18496025309,19.720093389199924,31.391327713912553,25.43237481489809,55.5167975058976,38.47076812334269,0.6031667951004228,0.2971296151263216,0.7871077761223303,0.1613603671156626,1.9579212138975917,0.754108739346229,0.7865315378248094,0.14984484789658767,1192976,616.2272752645682,957.198877429219,1285.6955982350023
E,22,5,1143,1276.7034120734909,548.0,6770.290092167298,23.465347703115174,31.775558357612127,26.414679072721462,55.89846997197014,39.44616584663204,0.6216783019179313,0.29104323204832416,0.7975499677559792,0.15806429883718623,1.988612504875903,0.731519282550006,0.7953967744643974,0.14405140822699336,1084688,587.5941744307236,958.5475417815999,1214.9596787278922
E,23,5,924,1508.7619047619048,548.0,8189.01859352192,19.33110661055513,33.275716097234394,26.414679072721462,59.46831066131682,39.84971769034255,0.6195466093122847,0.3019806640916048,0.793608098995846,0.16725164249690772,1.954375363813024,0.7482632575809015,0.7874284124495077,0.1467805047766426,1029744,572.5187293341951,1034.066758339937,1295.96815519197
E,24,5,1344,791.4613095238095,336.0,6588.920682496443,32.013653961742655,24.766506148758122,20.683531783305643,39.53987704861296,28.635642126552707,0.7622110932286548,0.24629756505399256,0.8683111530463841,0.12803618754245844,1.8150944054252722,0.6228232681341423,0.7623236482343023,0.15121366044896223,1015040,568.4164554901581,1002.0169609079445,1192.4592686002522
E,25,5,1500,928.2453333333333,412.0,4883.671223054245,17.913148066073045,26.917426326398026,22.903595622322865,45.190140487500585,32.984845004941285,0.6857243965444141,0.26775727588059056,0.8317445441192309,0.13868893812055139,1.9276073964359637,0.7162005391101686,0.780799757514847,0.15306648397073214,1172432,610.8982701548877,998.9280060592,1245.7954815289927
F,1,1,638,638.0250783699059,316.0,1217.500411547093,9.53407238218401,24.452212086015887,20.0585068271871,38.79583074923223,28.284271247461902,0.7277625087473985,0.2536673594837724,0.8683883784924608,0.11314862198574403,1.9463545019496709,1.0035560952663876,0.7657342340731144,0.1569989837467708,1073600,584.5831795449794,916.1259910581222,1224.9084053651268
F,2,1,1498,631.7276368491322,356.0,924.3489383543947,6.603904202178403,25.169993939299566,21.290215544369623,38.86327139116353,30.265491900843113,0.7280737846632742,0.23667276322425185,0.8673753244309412,0.10992042497100063,1.9028627267286076,0.845913654717424,0.7698638118898925,0.15250762807290177,1228400,625.3094147605395,929.4415955714751,1283.3074633669814
F,3,1,1495,593.4207357859532,352.0,963.3057896721011,7.842304185875062,24.352553225558374,21.17026971360491,37.3789508372975,28.635642126552707,0.7466146277042904,0.2374046627290771,0.8737136020100835,0.10745809482636405,1.8779518065916039,0.8061440316052149,0.7564113142678469,0.1629878163619508,1305472,644.6275232536426,996.488234140602,1271.8928816550642
F,4,1,1247,493.09382518043304,228.0,1013.0040492862544,9.010242397195002,21.410814944681515,17.03815178355966,32.870956025964176,22.80350850198276,0.80352720363932,0.23429688292530293,0.893928435109659,0.10923081286975876,1.8213699468127853,0.8376206982464465,0.7390088142904554,0.17045373028037586,1255360,632.134082865086,989.873285750701,1240.5408360948254
F,5,1,1392,613.0459770114943,282.0,1069.6518528522201,5.939317974859747,23.974533043300756,18.948589301705077,37.11859937918534,26.076809620810597,0.7761092924552652,0.24520793876533736,0.883666605421657,0.11569960108426235,1.8450005557600178,0.8534640949748137,0.7428134817932054,0.17250054062694267,1324768,649.3741227519988,972.8718205753762,1272.1215609072683
F,6,2,1397,631.1381531853973,272.0,1210.3396674306705,5.898236840709719,23.83950143996836,18.609705966725112,36.77640008955384,25.298221281347036,0.7858906763389947,0.2424230712983912,0.8863669249340443,0.11292672780658507,1.8155160904320333,0.7946046212937024,0.7408275281461958,0.17258441061331808,1467984,683.5742973222631,1020.9162334194378,1258.8008970125015
F,7,2,1727,569.6792125072379,288.0,944.1250218816702,6.9816250382847045,23.45264626257712,19.149229459268767,36.5219394274939,26.30589287593181,0.7628881650770746,0.245591087222703,0.876507325963548,0.1135155631057405,1.8547356847306178,0.796727641668071,0.7544071596546135,0.16265555741209242,1519728,695.5173949732098,985.5125917269406,1304.5058010380806
F,8,2,2490,548.3550200803213,332.0,727.3853244808339,5.862719717093428,23.75530431174151,20.56004690782767,37.27808337053147,28.635642126552707,0.7329681841818533,0.24580209732933703,0.8665743589151985,0.11412757210179787,1.8958046387059582,0.8770022270354138,0.7637083671017469,0.15981452938278687,1681888,731.6840697007715,963.3575695884625,1250.6675260183792
F,9,2,2109,644.4855381697487,352.0,890.4199675434363,5.380011394063471,25.363370373871756,21.17026971360491,41.03049875160369,30.265491900843113,0.7112101111790563,0.258635044117616,0.8549891289185212,0.12387261515400413,1.988815504822018,0.9299823921996556,0.7784622455879489,0.1589087284576024,1687120,732.821243672969,978.2905922518848,1210.4172933756936
F,10,2,2044,792.7416829745597,384.0,1401.8983080742357,7.579540138732935,27.18858556330137,22.111625566165472,44.48683475318575,30.821233237038378,0.7012875076701499,0.2656078482080092,0.846296386152929,0.13183579585456026,1.9514131129704826,0.8603122982280985,0.7742827969887479,0.1577877539251621,1718064,739.5111603596447,967.7918447741179,1276.6852038108009
F,11,3,1431,330.11041229909154,208.0,675.022130978747,11.727908233637006,18.455404898670423,16.273715780512877,27.265985745010322,22.090722034374522,0.822054750846039,0.19741410675973373,0.8970523186270172,0.09139011320738331,1.7503023560816635,0.7740554539295658,0.7401622228760332,0.1595431342039894,1056576,579.9298115328481,980.9344297050094,1278.906868980556
F,12,3,1323,312.8344671201814,200.0,459.67724547368874,7.003078222110054,18.259008372174417,15.957691216057308,26.77008517674014,21.540659228538015,0.8225575544025747,0.20135573914215474,0.8993397661178482,0.08964417010778787,1.7442839098737362,0.6691023354061877,0.739340060144364,0.16197048831348473,997152,563.3856047397194,962.624289977857,1272.8126664741183
F,13,3,1412,338.20113314447593,224.0,450.63399301580176,6.6103741229988575,19.07071809204587,16.88803298257901,28.048634847760912,22.360679774997898,0.8189004125552469,0.20117562142454132,0.8987325113942274,0.09066501200092078,1.7466520703397297,0.7184968565516672,0.737217173067793,0.1618752084287338,975312,557.1817043960482,984.0113440622077,1278.4362665485505
F,14,3,1514,352.11889035667105,216.0,578.61033385173,8.587097708687482,19.16922966696094,16.583719174624104,28.51728337531875,22.360679774997898,0.8175340432461085,0.20826847235039483,0.8976598599448536,0.09399354035090488,1.7516945208426935,0.7747878813232214,0.7345298236528894,0.16299181222039788,1056048,579.784890010614,971.4537293759374,1255.589783797706
F,15,3,1448,348.27624309392263,230.0,514.9929485381962,8.245808967751778,19.279217630942416,17.11255560576295,28.269500950396743,22.360679774997898,0.8254023450388782,0.2025280615398315,0.9025201145098846,0.08959546802375645,1.7354010384669853,0.8166863204697901,0.7272982172613479,0.16790610701914235,990480,561.4976189329043,970.8542686374283,1284.0833777562393
F,16,4,1831,365.9180775532496,228.0,713.7571795210414,15.1764816515036,19.45148097827872,17.03815178355966,29.838336425445544,23.40939982143925,0.7466586816616037,0.2332661263267347,0.8622161391866546,0.10727859265008702,1.832824807838197,0.7985178726084481,0.7603852090984693,0.15454576124056638,1035584,574.1399003498666,997.1289475310549,1268.9416908720104
F,17,4,1724,408.70533642691413,244.0,644.1506613126115,8.328909754742476,20.559298907607054,17.625846048215095,31.722501288635744,24.331050121192877,0.735493240227573,0.242173467808219,0.8597813751734569,0.11189372618389723,1.8349116454211865,0.8322053056067253,0.7581417178540288,0.15339178495766126,1140160,602.431904725597,966.3465338198148,1225.4506034240808
F,18,4,1520,402.9894736842105,276.0,527.1075006136283,8.015199678543262,20.86625457496572,18.746042631630413,31.555146109567538,26.0,0.7336052894033124,0.23841172008099154,0.861179623661268,0.10851657338527428,1.8100889356532508,0.7254614262602076,0.7531249101020023,0.15829363250126136,874624,527.6376274429372,1029.6490560515147,1206.5428069661934
F,19,4,1946,466.2857142857143,276.0,648.4198999525117,6.6463345750187175,21.997326690237895,18.746042631630413,34.39372344843389,26.68332812825267,0.7003211480224799,0.25365387150756524,0.8461094598486304,0.11800055828484808,1.8875782829167234,0.7481542891569639,0.770086076525883,0.15745173871191995,1099280,591.5333394527458,1004.4601339058293,1280.0145768139146
F,20,4,1845,514.9983739837398,320.0,689.8371420381159,9.519946352120071,23.201560890755108,20.185060176161283,36.6121297279368,28.635642126552707,0.6830200924697065,0.2641437493548393,0.8378238874166108,0.12465367658487983,1.885704050421017,0.7443758424136108,0.7691115709727926,0.15812199206770328,1057280,580.1229839132374,948.7664648910412,1354.7952784503632
F,21,5,1527,671.9371316306483,348.0,3346.827859257928,23.60196069714454,24.374010768863712,21.049640414216977,40.789371067249526,30.463092423455635,0.6422188965004426,0.26146548559533767,0.8148362492553158,0.13395077573774067,1.9104251854785559,0.7014784744641753,0.7800099120632191,0.15361895436538797,917568,540.435903364949,919.3210225291205,1237.724733207784
F,22,5,739,649.3964817320704,236.0,1869.055683351162,8.601503530360041,22.82839397705735,17.334489682638438,39.26805496524305,24.331050121192877,0.6950600819311935,0.2700316864314214,0.834700563610621,0.13820617564786308,1.9277442331930839,0.7955309625904544,0.7739287389851089,0.15794391319861395,898000,534.6421960461446,944.056864142539,1291.5472873051224
F,23,5,1222,694.3993453355156,316.0,2562.973194937561,18.350137422098662,24.371085066160692,20.0585068271871,40.3573520807576,28.284271247461902,0.6830606636886735,0.2700215745129872,0.832990459666125,0.1355496866655114,1.8440828459250744,0.672818543931028,0.7605793211485684,0.1668887912164632,750688,488.8265662170352,933.0062023104139,1246.173771260497
F,24,5,1382,518.3502170767005,208.0,2626.103762082057,20.418002552650098,20.154531067768808,16.273715780512877,33.857902055631655,22.360679774997898,0.7435533577172818,0.2421402709296682,0.8553698971110829,0.1234288335529015,1.8633699571193454,0.7166582675760476,0.7692200023214959,0.15565110872584131,1054352,579.3191392640606,978.4085694341169,1284.6730124284868
F,25,5,814,551.7002457002457,228.0,1299.2151698769208,9.145687279960708,21.992621826742855,17.03815178355966,36.47140125713856,24.08318915758459,0.7116004031544199,0.2667699791771323,0.8419980584657718,0.13367345937979985,1.8851056360333558,0.8054233493846481,0.769671386656776,0.15180605747248288,840192,517.1473870112189,977.6343692870201,1272.3820079219988
G,1,1,1497,592.8790915163661,288.0,988.2380187797578,5.407139854811998,23.72028264170645,19.149229459268767,37.85189770920892,26.30589287593181,0.7408621260989847,0.255384978525544,0.8684702534981412,0.11672886448888715,1.9146896117724634,1.0739971175639567,0.7590923611869761,0.15777736219666771,1586704,710.6782462179108,933.6539594026359,1342.6093386037976
G,2,1,1148,876.5993031358885,376.0,1710.6912932143978,6.797979470044109,27.926549844737927,21.880083839428522,47.35629513575343,31.622776601683793,0.6960179043352991,0.27100368109489226,0.8481785739379929,0.1336675313380495,2.0421164687636804,1.3759530368815986,0.7737387327132614,0.15930120864856398,1364112,658.9463828430528,859.1694464970618,1246.947247733324
G,3,1,497,1051.5895372233401,400.0,2099.1568181795433,5.737277484697263,29.880556827773894,22.56758334191025,52.91707490788241,32.984845004941285,0.6937906477986894,0.2724055149319018,0.8526313817834366,0.12633741990875463,2.1613258384193696,1.6376623354807398,0.7834806283677909,0.15234531130580697,653136,455.96013622085025,865.87519903971,1096.2771980108278
G,4,1,163,1283.0184049079755,332.0,2291.112666968953,3.154121510335425,31.711858563800426,20.56004690782767,51.10294925193789,30.265491900843113,0.7110776090333565,0.29468690009513004,0.8586698412735465,0.13877611115027003,1.8959185255057351,0.8849447291332433,0.7429372600597453,0.18260945918598265,235904,274.02659613676366,421.1806836679327,1316.4693434617473
G,5,1,46,1871.8260869565217,290.0,3430.7408160424916,2.501568208282453,36.16280672733216,19.214576482789024,58.040243287692725,27.743606132466397,0.7156909876021453,0.3222313413835115,0.8622687106293397,0.1464692630369571,1.7808881554867262,0.7645257387195667,0.7285047665834123,0.18137495318075114,80288,159.86389255214632,1428.890195296931,1156.4039457951376
G,6,2,1351,615.6683937823834,280.0,1550.1538799220366,10.766196134359452,23.443365753279824,18.881394877652593,39.30761603204884,26.0,0.768506356882418,0.2460749592036315,0.8794642427056546,0.11357371211753421,1.9428074490561964,1.2481069736289565,0.7532344616459885,0.16024828868541066,1189408,615.3050666995114,814.2645080577901,1201.4915520998682
G,7,2,53,1169.811320754717,356.0,2433.026803233781,3.8269222999135994,30.154437421637446,21.290215544369623,47.798903302017706,28.071337695236398,0.7235034558540296,0.28452588387085664,0.8644068305492347,0.12955002283681719,1.8366882633944062,0.8343504716761895,0.7183893879565357,0.20541602480221058,64608,143.40629388754996,792.511391778108,578.0160970777613
G,8,2,950,609.5157894736842,280.0,1496.175821131255,10.126571497591389,23.405132325940293,18.881394877652593,39.19433338861008,26.0,0.7771555866459341,0.2487083754649448,0.8817627652404968,0.11986222707227624,1.9254423958586138,1.2765124369734333,0.7429349113267483,0.1773876093592013,703648,473.2632616139266,937.5817681568057,1204.599822638592
G,9,2,62,1455.6774193548388,318.0,2779.807593142301,2.7157275167348276,32.34503548358655,20.11939494663889,45.4528466357313,26.076809620810597,0.7777139597903199,0.28094031778431305,0.8991496630812132,0.100983135977938,1.5946687962989987,0.4802293853832518,0.6995556374261417,0.1714290201098955,86816,166.23595001963918,653.0495761150019,1743.0149281238482
G,10,2,1194,641.5544388609716,356.0,1179.9906384903895,9.219457496525099,25.046838610040233,21.290215544369623,38.85695189917142,28.635642126552707,0.7825353692958362,0.238478090076119,0.8864547543553037,0.1130008547827766,1.848164741111755,1.1281712922940486,0.7355140285111309,0.17908930950179572,858880,522.8670911862155,716.0111028315946,1286.7089418777944
G,11,3,2133,467.0436005625879,328.0,847.9963452568758,17.252959679742716,22.29888113848176,20.435815879801165,34.447648752753516,28.635642126552707,0.7509110407638085,0.23444540729291502,0.8669269156220537,0.11475752888759937,1.845004777022989,0.7910568843709436,0.7632955294556691,0.1541343750259931,1092368,589.6706994168992,944.507572539657,1265.7585502321563
G,12,3,2069,462.29096181730307,320.0,941.6671347507687,27.40784469489554,22.19464315586818,20.185060176161283,34.55496126133911,28.284271247461902,0.7524229013224512,0.23594383877674124,0.8680829929157768,0.11524778168714458,1.8846779894088206,0.8358683407250802,0.7679963306399291,0.15375467588702244,1043776,576.4062974685238,952.3395977681035,1264.666288552333
G,13,3,2090,478.3846889952153,332.0,703.5356358830865,12.570762542121305,22.605367446157523,20.56004690782767,35.32709471383132,28.635642126552707,0.7508593817451112,0.24064643498514318,0.8659124667643852,0.11870829874500485,1.8980107087879459,0.8779263153045319,0.7681188426743444,0.15393490091660603,1080336,586.4142129930444,943.8180936301299,1255.6412005153952
G,14,3,2112,488.6761363636364,340.0,1005.9552872855019,24.299702758135584,22.824579591670815,20.806283791440396,35.47206491637769,29.120439557122072,0.757289815602512,0.23481884157189523,0.8717291510046975,0.11523929832159618,1.8791127615069858,0.8175134525138574,0.7662748093176344,0.1549174584830253,1104208,592.8577593345905,989.4142190601771,1286.5287916769305
G,15,3,2081,504.6150888995675,356.0,628.052207487489,8.873225940956008,23.360940130069793,21.290215544369623,36.260397970820975,29.120439557122072,0.7589073525198177,0.23798128919713654,0.8715979341635186,0.11769079507625463,1.901542244648019,0.8627190942725829,0.7676739888704612,0.15824643297938215,1096976,590.9131118077767,913.3108545674654,1236.821888537215
G,16,4,1495,515.6280936454849,296.0,1310.796294056183,17.270608023629745,22.429582397498447,19.413369239820483,34.957655769384594,27.202941017470888,0.738607164453849,0.24700937010235563,0.8629165834022522,0.11574297106742462,1.8107235331387246,0.7531195613390743,0.749425747971189,0.1612808566313418,871520,526.7005145306935,934.3373783734165,1190.7680741692675
G,17,4,1719,481.00988947062245,304.0,1329.9950175473382,19.311923263092552,22.100353409050307,19.67396303746374,34.229868794393795,27.85677655436824,0.7472610861678415,0.2342898348819264,0.8655968771760334,0.11389066956920374,1.825678495830304,0.7296433150008712,0.7548999854390895,0.15990647498292393,879104,528.9872344241543,960.6722481071637,1233.297466511357
G,18,4,1731,519.2443674176776,328.0,886.3814089317073,9.569602894496791,23.05246821329953,20.435815879801165,36.27810615354419,28.635642126552707,0.7221463368373608,0.25120455022181076,0.8546845883656118,0.11853330057282431,1.8837383233208154,0.8564904774814132,0.7665719918858883,0.15337740501122074,931360,544.4824107316372,987.4884555918227,1232.9563820649373
G,19,4,1455,563.672852233677,360.0,848.7319079870019,8.665368222401234,24.169245995070547,21.409489393833255,38.42410852851865,29.732137494637012,0.7146806754726,0.25951336023214167,0.8494018719640495,0.12704122137730361,1.9133451663221188,0.8545490199239505,0.7678033978045743,0.15887154606191595,826944,513.0540424949097,946.8687795062301,1239.9168408017956
G,20,4,1771,726.5251270468661,428.0,1238.1399653525862,13.82959859173661,26.958667160488698,23.34408972623798,44.4077494623295,34.17601498127012,0.666128132640169,0.27161874098784206,0.8249404501565811,0.1383389996729151,1.9612165280419722,0.8480368166959075,0.784757771622932,0.1481163689098285,1172160,610.8274029455392,965.2644553644553,1228.583701883702
G,21,5,1925,587.5677922077922,304.0,2216.6366301930207,19.136348550296546,22.92041703771722,19.67396303746374,37.801761351821725,28.284271247461902,0.6756769483454603,0.2553005156785193,0.827374048534273,0.12979539908522694,1.9194109407723396,0.7476951613454639,0.778776111222505,0.15595920117269624,1085952,587.9364400350262,998.2662069778406,1253.576968411127
G,22,5,1756,665.4191343963554,332.0,1903.4559637650252,12.8016267963051,24.47390843740187,20.56004690782767,40.95578185859034,30.265491900843113,0.6511945523309358,0.2677384565988042,0.8146398642854431,0.13805489942459154,1.931187365561061,0.7900189990507643,0.7806125762295303,0.1503987885672958,1097440,591.0380711033251,961.7681440443213,1285.3255722408514
G,23,5,1728,762.1643518518518,364.0,3381.140529189266,25.408842715246507,25.62236536590441,21.528102431092233,42.93240192051456,31.17665053875855,0.6506121688326113,0.2810528657475536,0.8119204286525489,0.14689035521012586,1.8745391641408218,0.6695782759609693,0.776563323012032,0.14914160330193768,1091168,589.346724676904,972.4551599753659,1265.5831695944162
G,24,5,1415,980.4946996466431,412.0,4774.433353058105,25.444006690888695,28.323842356656957,22.903595622322865,48.48121000559066,34.0,0.6257835932498148,0.2903203724667843,0.7986436048411438,0.15439298870612028,1.933924131939121,0.7319369999116947,0.7850632012418629,0.1462943330383443,1040528,575.5087742606948,1035.954630725939,1216.6464025956052
G,25,5,800,1474.05,524.0,5259.2215604381245,13.218737457467157,33.43474323832729,25.829591594018524,60.10964391424281,37.94733192202055,0.6054964925648133,0.3145655372457258,0.7853318751345096,0.1731279828733168,1.8947486136995562,0.7291086668569846,0.7719653886083009,0.15787184896426895,814912,509.30790880351077,954.4113327574021,1267.2257519830362
H,1,1,1846,430.89057421451787,284.0,535.9148578860044,7.223755444618642,21.52479884684193,19.015783725757565,31.20111153652489,25.298221281347036,0.7782709324681389,0.2173820131144975,0.8848619207749088,0.09608484898093123,1.6718375342333065,0.6080685638201985,0.7175078599529651,0.16419254948345033,1206272,619.6517594800273,992.1398556876061,1279.8031090831919
H,2,1,1597,525.0569818409518,332.0,690.5423714741628,5.974620792313267,23.418818081749652,20.56004690782767,36.215551311112804,28.635642126552707,0.7442736813770884,0.23468837605045678,0.8713168462036399,0.10800394576481072,1.9120097649019077,0.8234617135724462,0.7705514341878752,0.15518552017379622,1157872,607.0931596842432,967.0735901723161,1280.5830074481462
H,3,1,820,575.3024390243902,284.0,1037.0677368602953,7.752210022052909,23.43434613351891,19.015783725757565,37.33617038401367,26.30589287593181,0.7509412786435078,0.24848588772426616,0.8721729569901551,0.11422050283673862,1.96971450686861,1.0553361379305455,0.7674855514537933,0.16093545666860254,890432,532.3845495263786,974.5472938977935,1262.42532164163
H,4,1,628,649.0191082802547,294.0,1509.7687158607662,7.060729986959254,23.857155522673462,19.347560449712578,39.07185208260811,26.68332812825267,0.7704213990066784,0.24185889196151011,0.8783377828216161,0.11749704618694551,1.947427954513211,1.12831414064599,0.7600523846130537,0.16400639074678222,593536,434.658919850936,957.7702178132413,1231.7657968514125
H,5,1,880,669.9909090909091,420.0,1035.2176909817492,7.432267877544989,25.878956461599756,23.12489154112443,40.10075464506699,32.1557350384785,0.7609062021804308,0.23754127666536345,0.8799940960885845,0.11082571457877208,1.8900346312857648,0.9454849334446397,0.7460008798386517,0.17455374834634088,810608,507.96116014875605,977.5941910269822,1255.6825790024277
H,6,2,1409,523.236337828247,268.0,780.5435725689017,5.383127179637304,22.724234322603785,18.47236308621676,34.61805660473222,25.298221281347036,0.7562464521950681,0.2427150961518145,0.8765022922648043,0.10847480828067319,1.804266241033862,0.7177941711548702,0.753126140633475,0.1524925861176046,1322816,648.8955311928856,1042.3880448981567,1309.5343993420097
H,7,2,1529,542.5794637017658,308.0,677.0759905552414,3.95187987419272,23.58245122334882,19.802974013476614,36.07349289772701,27.202941017470888,0.7403475441256654,0.24165171407209587,0.8719241359955341,0.10650173327136009,1.8241117063056949,0.7386388346750387,0.7570233008951491,0.15625924213603173,1297664,642.6968804536106,976.9322844742553,1278.6158512527127
H,8,2,1627,676.580208973571,356.0,987.5672584511791,4.688417440713659,25.70278567123409,21.290215544369623,40.81613473647809,30.066592756745816,0.7107099864845406,0.2534083539056883,0.8564932931245988,0.11918924924226777,1.9070795800163067,0.8027067126192529,0.770592440539682,0.1560581766446849,1340848,653.3032789369447,976.9091858286696,1262.4351932508382
H,9,2,1400,767.0371428571428,344.0,1405.5372325659223,5.605971006861534,26.32159419415381,20.928315827817965,42.56591663548977,29.325042838794438,0.7260095607905264,0.26189389528082047,0.8587302288930031,0.12738207488403647,1.9095852927816415,0.7999001304414165,0.7692456370412494,0.15678293054767511,1291952,641.2808230993039,1002.2749142382999,1262.16261285249
H,10,2,1384,797.8410404624277,408.0,1268.574521549175,5.526756793534679,27.55069423507375,22.792141940852034,43.677935197886534,31.04834939252005,0.7429908595239207,0.2593440372566534,0.8675206343090791,0.1275479609674063,1.851555248833169,0.7561876536283293,0.7531799712612602,0.16794961532047134,1295536,642.1696946345284,997.1770201677143,1313.851533264996
H,11,3,1260,311.9714285714286,204.0,438.58823170578694,7.224468333892568,18.312733504910312,16.11647812414279,26.83225977162733,22.090722034374522,0.8148947621455243,0.20158583695001764,0.8955939051138987,0.091956928118009,1.7348753075655392,0.6489674322046558,0.7399320229834381,0.15846495807901237,907392,537.4307808863223,973.1869092960925,1270.4808153477218
H,12,3,1504,315.20478723404256,236.0,280.983834860268,4.635708004079628,18.972869282385407,17.334489682638438,27.689833744095946,24.08318915758459,0.7855582828692952,0.20656993128590598,0.8847505806533102,0.09092807404040595,1.7596650231510924,0.615368813582321,0.7490145577518021,0.1551262798907976,879360,529.0642508378147,965.0090247452692,1265.5558224163028
H,13,3,1554,341.72200772200773,248.0,328.51546502121363,5.187401325802678,19.60516179796443,17.769732893161912,29.01762500759226,24.331050121192877,0.7741293468239044,0.21840689355718604,0.8795680167084947,0.0994272336888365,1.7977746783885722,0.6518173663419833,0.7551586240030802,0.15452882967785597,881536,529.7184382546204,977.0705677363148,1315.1718455060259
H,14,3,1594,359.59598494353827,268.0,354.7626102247795,5.618532920217619,20.09924409282357,18.47236308621676,29.88281795206096,25.298221281347036,0.7633230126924,0.21890829380959514,0.8755485959240654,0.10096951734300275,1.793326696154063,0.6215677343445607,0.7594678173520052,0.15078275203729294,882800,530.0980734949434,984.6609968282737,1305.5657544177616
H,15,3,1580,367.69367088607595,268.0,359.15399479914316,5.279848770143345,20.315924566240707,18.47236308621676,30.103695162928727,25.298221281347036,0.7671316573830977,0.22190435594517585,0.8758137106379599,0.10185484351159364,1.8058245058673008,0.6164083787538759,0.7610690136693953,0.1515342068171134,891248,532.6284346911373,1021.1537349873436,1269.6574780532467
H,16,4,1478,368.6468200270636,224.0,797.7495927643099,14.833583306617733,19.350659533094163,16.88803298257901,29.36948843822433,22.360679774997898,0.7836041603079741,0.22643825653210828,0.8799226906638586,0.10315649625101855,1.7771753122425487,0.7911598551011496,0.7420220806935341,0.15959342783730843,888208,531.7192749821397,983.7886170806838,1323.2099418154305
H,17,4,1586,378.27238335435055,232.0,885.9192329296699,14.966080193104139,19.583575381867885,17.186959427966244,30.163219419080708,23.106454161711007,0.77690310525531,0.22868190873092398,0.8771119419037455,0.1070352179491928,1.7775189655789048,0.8408742703417067,0.7444079469528081,0.15776014630039445,860928,523.4901084953168,953.5559768064228,1291.6877787689564
H,18,4,1681,432.8828078524688,268.0,866.3350452697775,12.782455797695487,21.00662974779862,18.47236308621676,32.59646244009412,25.298221281347036,0.747621997553371,0.24201281125793814,0.8654305398618755,0.11474843389258307,1.8166654699313287,0.8253205015398378,0.7494337658986217,0.16204620792123486,895808,533.9892719170762,1018.0118954061585,1282.299742802029
H,19,4,1677,421.2927847346452,268.0,805.690363945919,14.285570367535302,20.92459432862835,18.47236308621676,32.44547395299501,25.298221281347036,0.7561089704504584,0.23829155925597922,0.8699914472409447,0.11335681842586878,1.8351635927026415,0.8340593418281128,0.7518495214346747,0.16183445574608418,859296,522.9937016429419,1029.7170334785685,1259.9251294082599
H,20,4,1576,502.25888324873097,304.0,909.5366419752648,9.455685089176933,22.568124969628936,19.67396303746374,35.74418227766967,27.202941017470888,0.7290920601944749,0.2500436023954461,0.8557175116419347,0.12144920397018694,1.860471438330139,0.885332424617846,0.7566759412892132,0.16139164168262093,895744,533.9701964434096,997.2557873678194,1251.4170477279222
H,21,5,926,464.6306695464363,252.0,732.0218337380196,6.145157106076655,21.499447204446167,17.91246396432554,34.567465565275775,25.059928172283335,0.7051710781619991,0.26438182599915744,0.8423109254954455,0.13370410211479863,1.8996691786074524,0.8133746784703341,0.7668269407761515,0.16026394231554156,709712,475.2981653060218,1054.8196564240143,1246.2003178754198
H,22,5,891,492.0763187429854,224.0,925.5072746970819,5.951078878832463,21.39843319213365,16.88803298257901,35.07961152252795,24.08318915758459,0.7143134209353358,0.26391515816411576,0.8433594243312704,0.1332207454004739,1.8979316016924137,0.7875816969323519,0.7715813948351741,0.15395845967844682,759584,491.7144461850073,979.267283144458,1316.012280406117
H,23,5,1007,564.5441906653426,240.0,1725.7805142840787,9.460598293426207,21.61818036461907,17.480774889473267,36.09544004215422,24.73863375370596,0.713611121442454,0.25487765408499574,0.8435183771503363,0.13161776860417085,1.9121961165795134,0.764519808719471,0.7777751406780251,0.15007069116857283,756720,490.786569776515,964.2816893963421,1277.526218416323
H,24,5,1128,564.8014184397163,248.0,1885.171458553175,14.8426065520292,22.086713669241885,17.769732893161912,36.73294865974757,26.0,0.7013851735044027,0.25749626814812304,0.8367588404081554,0.12848977838787415,1.9024550546602799,0.7370820701022534,0.7798441657662317,0.14619919183428776,771840,495.6655147900618,983.0442786069651,1308.2398009950248
H,25,5,1057,515.9848628192999,220.0,1453.4096795949674,10.867493223125201,21.117186656011093,16.73656774376801,35.15707579668533,24.08318915758459,0.7239781861231462,0.25439722303231666,0.8470799112218214,0.12892435354615214,1.9053056836636408,0.7896908254545648,0.7750149954548172,0.1528391339076728,810912,508.0564008307248,1076.1672191310524,1217.8606013969456
I,1,1,1067,514.1968134957825,260.0,1030.8933677699956,8.8531060675804,22.095618048237686,18.19456736586892,33.98105029614221,24.331050121192877,0.7850901666507835,0.2314329106425015,0.8904457479021982,0.09911384409673327,1.8559823042328283,1.0865707346694102,0.7390321554448932,0.16976103699419873,1119808,597.0309514821641,996.8063953820655,1328.8625764416756
I,2,1,1330,659.7172932330827,396.0,1069.768447376557,7.832034080831757,25.65352763088215,22.45446191105733,39.810862681649475,31.304951684997057,0.7287553868204889,0.24662830425715376,0.8665729085496663,0.11237801323963402,1.8887864230558353,0.8641462750233173,0.7615733074169438,0.16197653838891435,1095840,590.607065379043,949.3826106000876,1312.9560957804058
I,3,1,1348,647.1364985163204,396.0,915.4799013647033,7.258762183843928,25.67068350831185,22.45446191105733,39.18006899555545,30.59411708155671,0.7458872534282144,0.24753618031275915,0.8747064417569321,0.10925890138390963,1.8647030468742805,0.9415219665229002,0.7500332042986098,0.16875227761127096,1180944,613.1118578444153,923.3967334606891,1241.6347803113442
I,4,1,1348,614.8694362017804,300.0,1046.6188744310634,5.522565169622969,24.078434942931352,19.544100476116796,37.0825627768689,26.30589287593181,0.7624340113574158,0.24925874086525626,0.8767026592836802,0.11730282061876199,1.8290261578525833,0.7582299937831201,0.7482612491495918,0.16708360511310122,1165216,609.015412234807,940.2903221376981,1261.5640979869827
I,5,1,1348,582.4094955489614,324.0,1437.4548359215917,16.72013665963723,23.589710244035427,20.310825007719227,34.57454518998229,26.076809620810597,0.8359647006370753,0.21983532974618886,0.9110886446736375,0.09696207975262319,1.6983796354116922,0.8671229999288801,0.6917082705342115,0.18475380987485432,1135664,601.2429447261967,984.1768480818271,1286.9170388424745
I,6,2,2253,497.1930758988016,292.0,684.677017700025,7.022922507526142,22.663263896007507,19.281751659604673,34.45081699999307,26.30589287593181,0.7533045213488389,0.24043333516192866,0.872212935116971,0.11249740226768559,1.8049462239314755,0.7025817854670726,0.7499927281524279,0.16184158065857757,1528240,697.4624724395688,966.8163586871173,1258.7827304611842
I,7,2,1995,476.9243107769424,256.0,743.8993281464326,7.990955545780194,21.94334887651848,18.0540666735282,32.911731090883556,24.331050121192877,0.7802940186033706,0.23029011110541328,0.8854515640042926,0.10195434578457377,1.7701676993837736,0.7769505140553058,0.742901451111803,0.15810680595710633,1519264,695.4112099492864,974.706521052299,1250.372970069718
I,8,2,1575,378.1206349206349,212.0,681.0783908702413,9.96225152032432,19.44384638161664,16.42944866646031,28.947979081948347,22.090722034374522,0.819332684321615,0.21790585553387506,0.8990644207214982,0.0973192784890743,1.718975799680545,0.7878730571057497,0.718812292660678,0.17166302564446298,1595840,712.7212981015374,960.0724483657509,1270.8460998596352
I,9,2,2079,608.046176046176,324.0,974.6375559806628,9.807644009990582,24.499519395824212,20.310825007719227,38.2385444403202,28.284271247461902,0.7330126262292833,0.25285608943015914,0.8612347814466101,0.12165352861794929,1.8471283973488095,0.8249612068318035,0.759081137669904,0.15765278161271046,1536992,699.4567524768038,931.9507921967063,1270.927036705461
I,10,2,2028,616.1065088757397,348.0,853.6445078190866,5.465728476306772,24.888157976641605,21.049640414216977,39.16158006407571,29.120439557122072,0.7360614811264241,0.2523910641780986,0.8650840337320904,0.11900473039683733,1.891328728375505,0.8959979740369644,0.7589798495612738,0.16555916040003826,1508864,693.0269317326846,953.7901255514082,1275.2776976586358
I,11,3,1045,283.01244019138755,192.0,377.87066859212314,6.198263035397641,17.50675034336689,15.635280380893438,25.596566307013266,20.396078054371138,0.832603158857932,0.1919180122435385,0.8995923717593569,0.08973884416183961,1.730450303205867,0.7389886950559184,0.730562063355349,0.16713294105160367,950816,550.140102829931,989.5596371958402,1293.9112677952412
I,12,3,728,337.77472527472526,200.0,424.67045408588825,4.337920277751926,18.88899340803836,15.957691216057308,27.750504199305745,21.540659228538015,0.8023126067537917,0.2142126207287854,0.8903336648735204,0.09537560421490464,1.7221746001702818,0.6302237544182213,0.7367431119823893,0.15539203775611,919248,540.9304264456541,990.0112352705689,1243.788270412337
I,13,3,1089,297.56106519742883,200.0,403.2267486608856,7.1770009528775764,17.965798304457678,15.957691216057308,25.95657639726028,21.540659228538015,0.8289820013045889,0.19311272965620363,0.9018416682222729,0.08621481365670199,1.6946145622167588,0.607496153824371,0.7267673718930391,0.16608170817797266,914432,539.5115808236335,977.8887178051511,1279.8258678611421
I,14,3,1184,277.0810810810811,188.0,344.0284152197713,6.174300462088203,17.452223733622137,15.471555655790098,24.888134589777508,20.396078054371138,0.8414145073235004,0.1895988365525458,0.9067442759455575,0.08279056562619137,1.6712201419401904,0.5686178430479294,0.7280382209157383,0.1572071262812443,913728,539.3038621064592,987.1467745324647,1260.0104713875464
I,15,3,1124,370.51957295373666,204.0,535.9333305460674,5.84070029977987,19.506224250693226,16.11647812414279,29.63631666022055,22.090722034374522,0.8064514187491891,0.21990950860848044,0.8921070098409951,0.1008381890132751,1.8218345722054217,0.8618066045154775,0.7521904560802378,0.15893818140691504,963360,553.757177790064,982.6516359408736,1280.2077229696063
I,16,4,1128,395.8829787234043,244.0,471.53906530563216,4.253221078637615,20.475426123099194,17.625846048215095,30.891358669508673,24.0,0.7640623756075157,0.237196850695023,0.8781406572187186,0.1039823200904148,1.840362192303151,0.7857936179557317,0.7536991881748712,0.15867950674727122,921696,541.6502089504398,983.700742978162,1246.34567579766
I,17,4,1246,381.2905296950241,244.0,459.2446573273719,6.177215526389773,20.24850804660816,17.625846048215095,30.007926854612077,24.08318915758459,0.7869475698373047,0.22808617999841707,0.8866803821358794,0.09998177217906051,1.7638087488414924,0.7003749464545637,0.7417790884027834,0.1572074952907136,882720,530.0740540076978,954.2004531448251,1270.8874206996556
I,18,4,1351,357.6461880088823,224.0,726.266305039314,12.365285532501488,19.12727846558146,16.88803298257901,28.531600782847523,22.360679774997898,0.8055945584093114,0.21033338076750055,0.8898107150171434,0.09614280885498508,1.744092335343122,0.7920853785063227,0.7321379098571934,0.1632486638343538,893872,533.4119370457296,982.5253638104784,1263.0931408523816
I,19,4,1071,373.68814192343604,240.0,509.30152264783595,7.420217840308119,19.946594108609418,17.480774889473267,28.888127518007053,22.80350850198276,0.8059656319305957,0.21159386635511068,0.8907773519733225,0.09343845125885285,1.688074792853109,0.6801707185394412,0.7206042237910966,0.16189035402984958,852000,520.7686847618525,962.1091267605634,1309.4184976525821
I,20,4,989,323.24772497472196,208.0,411.2523584557371,6.989627932855967,18.709340403359153,16.273715780512877,27.129720762594502,22.090722034374522,0.8105500189708225,0.20910522455864633,0.8926390518368363,0.09001425529721052,1.6942772726930975,0.7362145363496068,0.7222778681714309,0.16450786580926513,884928,530.7365928225126,1044.9632241267086,1259.958884790627
I,21,5,654,1985.4984709480123,732.0,10498.884554439115,18.77495849465896,37.72039758000096,30.528746929755542,68.84234254396365,45.67274373861838,0.6082902146674874,0.30183720212692744,0.7897559752106045,0.1734640203027402,1.9864470498395326,0.7434336964415875,0.7927587240825734,0.14804512109628248,911216,538.5620310130014,970.9049270425453,1284.988823725659
I,22,5,1240,762.4870967741936,312.0,3530.1221760328303,15.357996534541481,24.353810660681887,19.931149940667517,41.89504277631172,28.635642126552707,0.6917590406570066,0.2671754507376201,0.8315801937314404,0.14065942280071853,1.9175612919584248,0.7287812948301445,0.78157150799352,0.14735275901154024,875248,527.8258152673005,904.3221486938559,1302.4883918615067
I,23,5,643,640.1244167962675,224.0,1897.6529420698066,10.27241783521804,22.662215157033124,16.88803298257901,39.49523184742045,24.08318915758459,0.7061718825857052,0.27581083904120457,0.8407167308472454,0.1384621516298844,1.9466140999024675,0.949144159636781,0.7761654940636958,0.14984271593084778,889744,532.1788340141974,968.4197432070348,1312.9126849970328
I,24,5,1338,546.3707025411061,232.0,3315.95485606005,22.73355136690028,20.913273319175783,17.186959427966244,35.095944021758314,24.331050121192877,0.7133280756202673,0.24292732676457846,0.843286395129744,0.12408869324453946,1.8876161885061233,0.7074178666442409,0.7779419884232209,0.14628467998726635,875120,527.7872181070312,976.1249565773837,1324.3173690465308
I,25,5,1004,1214.1593625498008,516.0,7080.946328548089,25.354908391848618,30.747461623687606,25.63165493800722,54.86960147237804,38.8329756778952,0.5915342222730143,0.2937460696711917,0.7779926543114801,0.16256170672703732,1.9892635687258826,0.7333297501515692,0.7942123755435743,0.14961738789883183,871616,526.7295223888357,943.5606505617153,1245.5713708789192
