condition,image_num,sample_id,particle_count,clark_evans_R,nnd_mean_um,nnd_median_um,nnd_std_um,nnd_cv,voronoi_cv,voronoi_entropy,L_max,L_max_radius_um
A,1,1,804,1.071865204835246,44.55634327876384,40.51039843466628,19.810144539679545,0.4446088498721422,6.469420396088436,4.795339290344602,10.011747372721004,183.4486184358939
A,2,1,1680,1.2257364441455185,36.05673729660097,34.12267832826208,11.844856082056637,0.32850604270212874,5.777496280890997,5.846529806670963,6.729468398686578,187.6553801832088
A,3,1,455,0.9283118193841029,52.51959397484442,44.20343249030697,29.68435690938346,0.5652053769418235,5.713306356596547,3.9816780374274536,12.704215629699561,70.43386145739865
A,4,1,601,1.0552559847521972,50.42850944743998,46.42653634893523,21.136107055868163,0.4191301168220657,5.412109179414333,4.637068147363107,6.930003945187423,136.7520545475265
A,5,1,237,1.3277493421249185,40.23937126330702,38.56656596002616,12.436650701105316,0.30906672521610434,2.183653468773184,4.456443576986656,0.0,0.0
A,6,2,1816,1.2537631641086147,37.24211861630718,35.427671398753574,11.793008749157465,0.31665783761275246,9.62085106596456,5.126691123532247,0.0,0.0
A,7,2,1483,1.1531127850606797,38.79870657805108,36.67794364122372,13.63358700666287,0.3513928223157718,11.60833733885338,4.033716478180259,1.6129987580416127,126.04136739896946
A,8,2,299,1.3302416526415146,43.28027766290823,40.000998986512265,17.51062157618536,0.40458662748349683,2.958623377844906,4.106275183291373,0.0,0.0
A,9,2,1595,1.3250383119687845,35.8141207321677,33.775817494268104,11.604086926441619,0.3240087063206609,8.48711968386512,5.0947164383351735,0.0,0.0
A,10,2,1505,1.2989027726025084,35.42136954567988,32.908376119714006,12.135126783305589,0.3425933818751972,2.812421708683202,6.249770043562284,1.169049816961376,102.90915807135309
A,11,3,2068,1.3011362187184583,34.57915182337791,33.11607812846742,10.554659209450895,0.30523187102337224,16.671617202636394,4.57796175554389,4.372789905549354,235.12234431076422
A,12,3,2335,1.340413669739848,33.075290254620384,31.80311619010526,9.61761753544696,0.2907795354601143,14.80414319059332,4.450661978997211,1.6660238862427548,185.57749625028688
A,13,3,2371,1.3418462702559621,32.75850315989698,31.177059848405932,9.58862808259134,0.2927065389950343,14.97641870814128,4.248589096413042,3.181952683638343,208.14052135529266
A,14,3,2114,1.3199536894174344,33.49224041154474,32.10550244186887,9.580683331627993,0.2860568064095689,7.437525867787026,5.67484935777859,4.080800016213203,204.27140329143677
A,15,3,1839,1.2702119598939137,34.594356268871366,33.26844351929755,10.110916257055814,0.2922706865383647,16.26193844213621,4.079427089919271,0.0,0.0
A,16,4,617,1.068279442255299,43.13099416005382,38.149275646832805,20.21561660118332,0.46870277383743236,6.69707949733151,4.008538669426662,13.599738167127981,175.59686372766689
A,17,4,671,1.0813347026022833,40.322990699575875,36.51394391188093,16.916115282661625,0.41951539281136585,7.381228052927149,4.413426205194403,14.4319771919169,150.33874056974872
A,18,4,600,1.0823698197526785,42.01937522126375,37.9084099865165,21.35358213991248,0.508184189495197,5.504970185344626,4.484735425267029,24.835887316275176,166.5018705616138
A,19,4,691,1.0983329463615306,38.52922473318703,33.80181022452466,18.575591931846272,0.4821169400755226,7.649656066017927,4.3035731859977755,26.600495173751057,179.39996280969868
A,20,4,636,1.0305518769086905,39.60566705826135,34.34535021478361,19.44439754052558,0.490949881286488,3.5722911730443228,5.123699981429739,27.945751863140202,150.84575194469585
A,21,5,566,1.0990022979142846,40.530886997761606,34.1659471307934,19.29590828790541,0.47607910206778997,6.428064853002,4.407552443202965,16.789441013562765,136.55662542831845
A,22,5,674,1.1486030025968732,40.07152626259406,35.53056239978331,16.942393875626504,0.4228038074866611,3.462464704326246,5.408721806398651,7.34345516703651,105.72414983314586
A,23,5,817,1.1753089674564599,37.86865801793995,33.38399192937382,16.55108349441228,0.43706548794444594,9.298009793395469,3.8010136788322595,9.857888902586268,143.33621964565765
A,24,5,760,1.1903064399443926,40.029482948834655,36.6966323084694,16.03520230996341,0.40058479722207424,4.021768417722966,5.605827769303971,2.9520476557915742,144.2929279476655
A,25,5,1553,1.301406605418184,32.42582414444763,29.748273991962524,12.824299924449443,0.39549649894235256,13.666259473114735,4.197648211893181,17.691047438807573,286.5378969285111
B,1,1,3378,1.3328761797532755,39.26871652533318,37.26474356836199,11.901671058022245,0.30308276183012484,13.991451211419124,4.70130765056817,3.851518255508495,199.87802015202192
B,2,1,1064,1.306511420905981,43.87075473195643,40.130631417493234,15.794310940169694,0.3600191297521665,6.313791557873572,4.560390300854145,0.0,0.0
B,3,1,632,1.3513905326115887,45.927652088959334,42.83208320299978,15.676067304278412,0.3413208947392898,4.513157388801462,4.337294857432237,0.0,0.0
B,4,1,1614,1.2728338338088439,44.208299903481844,40.81480891920674,16.35541877199647,0.36996262710180167,8.371307895352698,4.669849580890464,0.0,0.0
B,5,1,539,1.4193218746681233,47.49330000364313,44.431082473732,17.65370296562918,0.37170933509094956,4.273162923048024,4.457300910074608,0.0,0.0
B,6,2,4440,1.3471349583724763,33.84152822613776,32.271816551266554,9.648266143895244,0.2851013724741701,19.22521735385002,5.124129512172594,0.7745662448047881,162.82737280839802
B,7,2,1398,1.2862156801282434,37.117990509780405,34.84679802428968,12.648279019601587,0.3407587222769732,6.77461149638914,4.742431609693378,0.0,0.0
B,8,2,699,1.3909657935811528,37.86307758428137,35.324421508182255,12.343860124727719,0.32601312181374814,4.171664814527123,4.762920878418899,0.0,0.0
B,9,2,434,1.3313666856948656,37.51765294030723,35.407181576653414,12.438770886360645,0.33154448403666015,4.271018021619363,3.93901938243202,0.0,0.0
B,10,2,1345,1.2943949411962994,38.50007956272584,36.23352170340379,12.37870180196819,0.3215240576789023,7.9374609734639,4.76274056174067,0.0,0.0
B,11,3,3393,1.3743864693923495,34.66870582722928,33.42898442281581,9.365355930117321,0.2701386079073549,10.633447521031693,5.934280502081791,0.9735188783779734,200.0994037364276
B,12,3,3326,1.3570774121039064,35.38411829709438,34.07788008262513,9.593074465421036,0.2711124348182158,18.050790986486287,4.576439502306326,0.0,0.0
B,13,3,2665,1.2924683983100154,35.82577414425681,34.16034059209318,11.144617651010297,0.3110782088374461,9.745386466502126,5.461833698242845,5.949681124146565,222.71081641994562
B,14,3,2979,1.315448940843873,35.92990851864034,34.48655168928152,10.516866866536875,0.29270508331744716,12.155888727621035,5.3574201398702055,0.5538746667927228,145.0155044078237
B,15,3,2959,1.3309527398583052,34.6042522345531,33.174965619921764,9.40261831367759,0.2717185809982297,9.72560838309983,5.798040168383077,0.0,0.0
B,16,4,3880,1.330944593572657,33.17671269206966,31.415027958601968,10.2646001668355,0.30939171888747985,16.445525925811495,4.745835006322761,4.860538097893993,211.45323997335234
B,17,4,3746,1.3217867824163085,33.29314587285886,31.78121046227875,9.799213068641144,0.29433124481725925,10.40170828533989,5.918815257251866,4.646422644855647,209.9434942444109
B,18,4,3526,1.322631968172541,33.83956686947003,31.949923399702126,10.82050932294634,0.31975909634672584,17.452847055130675,4.948152984718879,5.095339644276805,206.89597407391162
B,19,4,3138,1.3161965728624252,33.78554340590919,31.70108694712237,10.571346090069088,0.31289554715938445,10.720357106097296,5.786166175431129,7.029617624478448,223.79669839777074
B,20,4,3248,1.3072171182637782,33.67663104284763,31.540409019833113,11.053490989269491,0.3282243694509066,12.711779508454962,4.897815482988877,6.29552785349216,228.51040261296714
B,21,5,918,1.093946430455866,35.59449410934757,32.16134663429967,14.31230825745677,0.4020933185196801,8.746757679168175,4.2356998939148145,33.065373033428216,191.7940701854741
B,22,5,877,1.1356526609689994,37.79108236438403,34.055079634921846,16.150786809742,0.42737031593895836,6.52212245864166,4.9047465335927125,22.412714496827846,172.54929120352682
B,23,5,1013,1.1751405217310884,35.000798497430246,31.579419794684753,13.802977907743855,0.39436180031027773,7.015542051776848,4.947992058096842,13.94976613415011,147.54004979036628
B,24,5,948,1.1930879645230144,36.59744132954082,33.52249277524989,13.834748785850328,0.3780250280689202,10.625848602840204,4.097520200332193,10.322943516547184,128.61971204824522
B,25,5,1178,1.227541593753667,34.39616486937677,31.438169787023636,13.23993663988816,0.3849247929287547,8.582716463722809,5.309640993702027,8.660667822120217,187.09988318852825
C,1,1,1550,1.2763552570152856,39.24227504618265,37.2113707330668,12.749392017280929,0.3248892171077412,7.626246870955308,5.656207169107882,2.712882798114663,141.2949926385394
C,2,1,1335,1.3212361930620296,38.5184563372746,36.713273787857865,12.212504803211266,0.31705592499025287,11.363886338640533,4.742604878689638,2.9548947978899207,145.06216361404896
C,3,1,1049,1.3333920145181817,37.551526227795804,34.922553569167775,12.67737642365429,0.3375994985330434,8.460014409034292,4.302868500030957,5.507861664393147,159.70814389014157
C,4,1,1319,1.3341177990779434,36.25033441372741,34.052995296417485,11.871348965168101,0.32748246760097793,8.156380734951968,5.541645211140174,7.001589954795179,153.58800156343807
C,5,1,1617,1.3678515833138158,34.51689583462898,32.52301106014509,11.26693968145663,0.3264181036277632,5.050120929757945,5.947724347017607,12.772021385221507,236.89509916044835
C,6,2,2272,1.2915487603303586,37.06761104694915,34.65011173279212,12.312620795768368,0.3321665585670851,7.31075857559591,5.641974294285572,5.589786514617941,186.3000878442751
C,7,2,2434,1.3239010669950535,37.381060760044484,35.17030780166464,11.893648563448208,0.3181731155195301,13.585126470821349,4.691984828110375,4.324322751725873,189.70618117840766
C,8,2,2065,1.3100115022130883,37.49968160308809,35.661517976043385,12.338573974324072,0.3290314329844335,13.200155581193451,4.7462644578522255,6.115887562171196,151.8416154372359
C,9,2,2227,1.3394626256736901,37.593350628545004,35.51946386058909,12.365201023922532,0.3289198971940935,5.3983416754630875,6.235100432483401,4.80687891490615,180.3705582366791
C,10,2,1940,1.3212565593720693,39.4047252411584,36.96752770028572,13.061678063233616,0.3314749178758551,7.9778375742605645,5.3167649315822985,5.242038763685144,127.77888151574962
C,11,3,2169,1.4066716153939556,32.49310233314127,31.463642129999943,8.396128015836497,0.25839724165928235,9.841566714669408,5.441827813305911,0.0,0.0
C,12,3,1923,1.4195076325005584,34.57716557536914,33.24362831417686,9.236074964861318,0.26711486644933635,6.5361256189560635,5.768958057190352,0.0,0.0
C,13,3,1724,1.4117968011877784,35.24437361122566,34.145209387792406,9.406133827997222,0.26688327424270863,5.833267603400273,5.972921575701951,0.0,0.0
C,14,3,1810,1.4270300894274204,35.257745914183346,34.17424574068485,9.05920676041523,0.2569423122642372,5.231205694352926,6.084391585398075,0.0,0.0
C,15,3,1933,1.398596101892114,35.553636695429766,33.937190396822125,9.790600317092125,0.27537549536671324,10.43978815399053,4.877580298069288,1.165792558896925,152.20634234375012
C,16,4,1973,1.350315111639928,31.79145222865621,29.53979509293234,10.988778451188463,0.3456519812984003,6.820524837842666,5.673282647066519,13.920637084369844,305.18072917008175
C,17,4,1741,1.3270996964314232,33.567958292622784,31.20239674290953,11.367697226302145,0.33864726377476523,9.147650642466262,4.9532170046796065,12.795054991911229,246.39340226637125
C,18,4,1370,1.313161813109329,35.74060377813232,33.031172083736,12.490866352597463,0.349486719086708,9.369427188021469,4.649847546772037,10.114591734540369,254.7852848379035
C,19,4,1527,1.3144674259304912,37.01110737986871,33.85649453535048,14.16453118690349,0.38271027779644173,11.80168213678729,4.689722996297856,10.50932264954119,235.4623752365796
C,20,4,1909,1.3356600730430743,36.220484959329035,33.966265766696154,11.64175212502645,0.3214134801921798,6.755966714753288,5.907949132921543,8.923059311465693,253.56016876296587
C,21,5,1686,1.2324259377649358,31.09068472255103,30.007962797807856,8.799744390288382,0.28303475683524126,8.848219741228728,4.993324663891984,35.60162484291703,362.7419746612517
C,22,5,649,0.900945988326524,37.710407315008105,33.2819037551114,20.987024322415568,0.556531361411816,7.002446865587593,4.140979888201683,68.98663013434015,186.70433041147257
C,23,5,893,1.0702946333090109,34.21495294061552,32.002268012154765,12.575447616980414,0.36754244960695204,3.874365023577375,5.489972807424136,25.489746912626998,148.68096850122686
C,24,5,1027,1.1179540672118986,33.06008669346799,30.686027767575972,11.577252298371667,0.3501882014320035,9.64070343859061,4.606767034432785,22.578879088561393,165.93378694840683
C,25,5,1756,1.2662276196150295,31.923894477481465,29.9720096946509,10.089600562591762,0.31605168253230453,14.53769117516216,4.200885672225601,9.34041535126974,205.53860555499864
D,1,1,2336,1.3697085098129758,38.95818699683995,37.21577833260194,11.26240784245774,0.2890896294371008,12.995465273126937,4.7461744504922825,0.4937580350062092,160.4668469784712
D,2,1,2394,1.3603934014731334,37.95113094716184,36.49100275952088,10.62109635310909,0.2798624464682358,15.011026117928932,4.750658752956622,0.0,0.0
D,3,1,2009,1.292636539474634,40.50795482184728,38.40133327455632,13.313280056423693,0.3286584107979552,5.9884203123458475,5.884816968384618,3.6865483970999264,163.95783436854686
D,4,1,1987,1.3088064512669877,40.98798449785686,39.02410669794259,13.326381026908324,0.32512896621216203,9.133324375345953,5.668433479608227,6.000752664898641,190.1100935610302
D,5,1,143,1.3398638984830806,48.92970169615326,45.06471862811519,19.2930086124659,0.3943005565877519,3.0007719903733485,3.310194837458771,0.0,0.0
D,6,2,3956,1.3832436660783045,33.17907774602803,31.659116394211697,9.422455089037111,0.28398785406761656,16.991678548671793,3.998306215975099,2.6784356976043,205.45601819374198
D,7,2,3759,1.3727738041362536,33.57373116981564,32.04210935868082,9.521538321972207,0.28360083881688186,16.26187595199191,4.866061995701285,2.7092273249214713,204.2028946512051
D,8,2,4062,1.3726258755278486,33.07443456524858,31.563535415132524,9.337245440558844,0.28231005498033573,12.569456844551526,5.189694498106935,2.34143938668592,179.2621176099902
D,9,2,3957,1.376034153965031,32.657527161049565,31.341204087508267,9.145162309800972,0.28003229591456485,17.74087209254973,5.002476445959646,1.7859190216257161,174.26710818948408
D,10,2,4160,1.4023496945815197,33.30589040913913,31.812360565073227,9.22833075417021,0.27707803757253574,8.136981901157002,6.7230800813312985,4.0634531388458015,208.6106592481728
D,11,3,2695,1.401599593154079,31.6031389306807,30.181065845975517,9.307379513727227,0.2945080719400158,13.423093976747529,4.509312580564673,6.461667511862146,227.7260473336226
D,12,3,2576,1.3881183575821354,31.575416948581715,30.21536981628207,8.86960879288722,0.2809023490435847,8.472146457662085,5.940901584096869,1.7629013604229442,157.22464813336677
D,13,3,2697,1.3590078409920496,31.61139501092852,30.036119460113763,9.381242712380836,0.2967677544485969,14.972466536577278,4.193086119027678,5.144745576254337,211.51041026120888
D,14,3,2412,1.3944622778072644,31.11217050222146,29.83544859863634,8.609193943399504,0.27671466838949066,11.254742765832829,5.139625491043108,3.224116149393865,191.85881892184335
D,15,3,2416,1.3630158082222996,32.265710369470895,30.837624268046874,8.628473103793834,0.2674192821106429,12.400612702474488,5.283049320738803,0.5980020957408385,158.45790473592035
D,16,4,1166,1.1997845540763836,35.35805706452121,31.986902636722863,13.69876495165273,0.38742979928606625,10.478452743928308,4.2044771832069845,12.87514119680759,195.77690871476906
D,17,4,943,1.2037461721087497,37.37178260608623,34.406891646120926,14.17070281764589,0.3791818808059239,5.465185749601874,5.101140027557717,11.683891644388723,166.9299703880569
D,18,4,841,1.175804394392582,39.56724664210125,34.377665780327554,18.638661134913196,0.4710628794443548,9.323351068906238,4.008020616812667,19.04894006366922,170.87098551799195
D,19,4,970,1.2139786277472855,36.901920152779354,33.46806105992859,14.878997834481499,0.4032038921790592,9.726134640311184,4.351765500886485,10.671977267460619,165.76520159636945
D,20,4,1239,1.318696467226041,32.91818190444123,30.885986869455063,10.753073348334864,0.32666060900781674,10.038166849568523,4.280798301161819,4.300453406102406,170.9439429317163
D,21,5,1123,1.1817267285974111,33.52532210696452,29.984860714082526,13.31276296347934,0.3970957511162512,10.950895274301253,4.294454423361939,14.910451212613225,184.95788238259198
D,22,5,1149,1.1784185023294562,33.38606872676814,30.050474223571875,13.168407730661048,0.3944282220956114,3.412521181574315,6.075745832377701,16.5005670645578,168.1493991795523
D,23,5,1409,1.2862917539617222,31.715754828071336,29.52296634682771,11.197078516306282,0.3530446800653108,10.496509108954024,4.271689733018652,11.729543036000678,198.0664026857269
D,24,5,1258,1.2091275172965654,31.9094655279088,29.322833422919054,12.608119712802411,0.39512162000253626,10.915331695534288,3.826234545670263,17.76800565239097,200.3122441525341
D,25,5,1004,1.2248450817394392,31.951652220572353,29.09209842634459,11.95748485409219,0.37423682417253085,8.28326607492295,4.223896645009473,12.14615325693714,144.72667659861486
E,1,1,789,1.3278828654462915,48.721004806485695,46.669300648034444,18.420290172355845,0.37807697615267066,4.60707158875951,4.648237216343898,0.0,0.0
E,2,1,567,1.3191340081451972,42.58290369688401,37.83297651645196,17.16472305553571,0.4030895398237423,4.389436610567166,4.281777391362793,0.0,0.0
E,3,1,670,1.352772381603306,41.41748705571294,38.585906792535454,16.50854768480207,0.3985888294621911,4.76181145415059,4.222295277893609,0.0,0.0
E,4,1,293,1.329931879094273,45.77996301167297,42.36146303299564,21.59692885483672,0.4717550525178436,3.642631233657162,4.0848952935999145,0.0,0.0
E,5,1,82,1.2308569478883546,54.277656475751215,49.5057786658769,22.302263428291457,0.41089215851194855,3.057504508336516,2.7068894498740654,0.0,0.0
E,6,2,2491,1.2142811879620354,40.84173004154257,38.30643916670766,14.312509277605532,0.3504383693601476,11.691859775229222,5.115446449849742,3.6917801094141396,130.63476982147097
E,7,2,1057,1.3012673230557021,37.8714865423501,35.14886312350904,13.715173141063906,0.3621503773221788,6.849426662968545,4.611784764413558,0.0,0.0
E,8,2,3388,1.2866636174865136,36.67418360602489,34.399437536923784,12.320669472600667,0.3359493862210094,16.148526710638855,4.410911301660528,7.588937333338123,225.93954028144273
E,9,2,2008,1.2180936004335297,41.994485501796476,38.759030600388996,15.591568956462497,0.37127658001180913,5.8268881118972615,5.906888079649459,5.428395435402422,120.22104941802463
E,10,2,1855,1.2051460000804979,45.33410861816853,41.996143765660044,16.21041906212646,0.3575766581992486,11.173691581944404,4.965952805154954,9.272628986902617,189.1192297001777
E,11,3,2115,1.2806620536826465,34.998249227274506,33.04324837944491,12.077910081949799,0.34510040783803997,15.709509761167071,4.453558427790986,5.1042679639737685,195.60683074794085
E,12,3,2751,1.3134487224595506,33.056715779583925,31.45665696416438,10.181383346054064,0.307997425211314,13.042383605683392,5.759658346235678,3.357518305086984,179.76990225419524
E,13,3,3510,1.32566094553324,38.264191299065956,36.276708586886414,10.831002197180714,0.2830584373919619,6.485437584964826,6.541338131918917,6.093359129863131,299.4216577639974
E,14,3,3057,1.3013264127538768,40.00044176607678,37.97404596521127,12.114601823533713,0.30286170073770924,11.995542278829479,5.632046467431682,6.611404298585342,330.6384285476355
E,15,3,3153,1.3384657981973123,38.311191036860805,36.91770609104667,10.527863967634197,0.2747986602010075,15.629826129381165,4.643913334295395,6.867879423205068,312.6852727261126
E,16,4,3551,1.3474035320261604,38.65199931468371,36.108527858915885,12.691801349274124,0.32836079825895503,19.012757783002538,3.9821556483713163,13.064339957446464,332.5651091955932
E,17,4,3655,1.348689447878298,38.06823671427904,35.56966611401632,12.150520506292404,0.3191773918368764,11.035149404455776,5.8352228814275096,11.496098099434732,331.98736699476456
E,18,4,3899,1.37852702495376,37.793330140969076,36.10728166641625,11.132465737760995,0.29456165138761026,11.173731559963441,6.176641601076944,10.374218972786252,299.74094315132714
E,19,4,2616,1.3117699266296659,40.11132669580661,37.715062558096605,12.818315398804007,0.319568472417146,11.538888990052923,5.619581501756247,6.694539981918069,212.98711560421475
E,20,4,2791,1.3520959758811726,38.86986145888138,36.68940936326434,11.949369059362192,0.3074199035158094,15.728137080071726,4.379706540819778,6.186007648640583,206.82855437973964
E,21,5,1340,1.2330886069648344,36.792367905678184,34.19281763272497,13.57570301273573,0.3689814976719828,5.136594071743617,5.752471514762204,23.00732552127954,276.239813049634
E,22,5,1143,1.2105394221866572,37.29136150661722,35.37432279229553,14.076846347916122,0.37748276756852217,6.796395450050121,5.324571119048148,39.053683600360046,405.2373616763611
E,23,5,924,1.1917784014125496,39.78543949408691,36.75732930921491,16.7236967197342,0.4203471655056054,8.753672910131991,4.854568869077606,42.81050890487205,394.84050298910006
E,24,5,1344,1.2838149373300791,35.28128289828536,33.09111973679825,13.81387358263573,0.39153546718980203,11.901976055097046,4.2029451641132995,35.42338138664576,372.41078118320706
E,25,5,1500,1.2522031519836594,35.008459030725064,32.48470377279061,13.784515801453374,0.3937481449656335,5.427010347801359,5.8887089432173285,37.63295378838313,379.1782366478613
F,1,1,638,1.1478453448407642,47.08627007614395,42.75418043701453,18.685227729473045,0.3968296426804856,4.165212287003378,4.7896132430546,8.666713950026235,100.79020336982404
F,2,1,1498,1.346365948250474,38.55468119252161,36.52336756156887,11.8193888765621,0.3065617069310558,6.203915991939782,5.624045297295481,4.100316379886266,194.0615425118916
F,3,1,1495,1.327290446207848,39.22194738464257,37.105017178854986,12.050698023540404,0.3072437455835984,8.189121172992728,5.150431518314517,1.5747614735632283,133.3712117076502
F,4,1,1247,1.2415437739695845,39.39244641002717,36.927162435939586,13.859953278466232,0.35184291765484876,12.36573978917801,4.48279786943756,7.715714219094565,174.38181596278235
F,5,1,1392,1.2790926032217214,39.45956419163722,36.89461888262744,13.53254422662631,0.34294712837944374,11.4106448945229,4.348291770255386,6.191645015389071,179.13768903503416
F,6,2,1397,1.2815622535577238,41.5434122642709,38.997518720951035,13.767122543663554,0.33139123132415066,7.4991731609169054,4.946133324927592,3.0652102213698242,165.00069245709798
F,7,2,1727,1.3144691482134454,38.99304590884147,36.912515262988194,12.58951617012188,0.32286567711467945,10.12492023156462,4.992797606537041,5.373068757748769,167.88350913146442
F,8,2,2490,1.377106383381518,35.79038365524122,34.299075739703156,9.722912705390382,0.2716627125053614,13.501541716002007,5.066033826051626,1.8895018108829902,151.38291097257343
F,9,2,2109,1.3345949086047617,37.74714946229192,36.14081937102621,11.67743759543181,0.30935945526422226,11.959202050579236,4.512555873124826,3.141957809412702,176.88788640382012
F,10,2,2044,1.336518312942846,38.748432359083395,36.874176457938844,11.631048830273102,0.30016824222687694,6.026953377456768,5.935709931948731,3.6083383137305702,178.50269387991423
F,11,3,1431,1.2695202684800058,34.496115466341074,32.5682044569084,10.83924623984095,0.31421642968516666,9.658291754296776,4.3719279234049635,1.9102532589517978,179.9782173722632
F,12,3,1323,1.3015515820409127,35.732396515944,34.13252318133717,10.295809203990077,0.2881365429658777,7.0664868134164385,5.443802102427828,0.0,0.0
F,13,3,1412,1.3127848570313057,34.50229578212171,32.83193012418578,9.843866798000198,0.2853104865879986,13.078593047791278,4.010279367876014,0.0,0.0
F,14,3,1514,1.3211095391323329,34.891345721296695,33.29352138349292,9.879766200144996,0.28315807246479074,6.0147281080354835,5.603966834739966,0.0,0.0
F,15,3,1448,1.32711777977982,34.70947477364608,33.732371691411885,9.574937129145182,0.2758594646443674,8.989623554914106,4.668028157074692,0.0,0.0
F,16,4,1831,1.288678112414428,30.647351267643494,28.412509764556447,10.471821560812694,0.3416876541585019,11.700774635610978,4.322592948687515,11.699064953222688,237.57513117925515
F,17,4,1724,1.2955386625934373,33.31690478660572,31.048059038901293,12.21692330912095,0.36668842401087864,6.28174476505515,5.803890414717066,10.057079113367962,207.73513956055066
F,18,4,1520,1.3377348334281758,32.08920347445564,30.067091515533512,10.524276818540727,0.32796940026630755,8.1078030246249,5.100470175327679,7.042776751874612,200.13841040938996
F,19,4,1946,1.350988729669928,32.109568645456726,29.841100055795735,11.366909162924458,0.3540037952061618,5.855977480212077,5.897477452392615,14.436166285309014,265.17011768571365
F,20,4,1845,1.3439182173349582,32.17137805660177,30.407258047238823,10.350693159087252,0.32173608295163547,10.86638752893055,4.948788219370961,10.549200380942409,260.05513071972706
F,21,5,1527,1.332997099260608,32.6759945859031,30.79845656648675,12.092474806591495,0.3700721266433422,7.8368305469651425,5.149511324126102,17.902292217581078,260.90009127963054
F,22,5,739,1.1077451713541453,38.61498004638573,33.909823178511076,18.251479447942977,0.47265282607989517,5.1596113307318845,5.046224280244081,22.650361688284022,165.92344015225177
F,23,5,1222,1.302097395920299,32.272871160243795,29.561039139435177,13.277732076355942,0.4114208497418251,10.994415321854902,4.279193615432873,16.05407845816083,185.4169733926685
F,24,5,1382,1.1989523269005564,33.11621598936842,30.327728821236516,12.247736023663379,0.3698410478901144,9.52748870726894,5.199422750351492,13.747976487112368,199.76522043588295
F,25,5,814,1.1613332263205722,37.3107449391258,33.47525194919822,15.338534689704902,0.4111023437010017,8.660950709411479,4.055546007932174,14.586909697116624,124.82867962339768
G,1,1,1497,1.2213297142252975,39.7621611831154,37.254417388615536,12.813515757541166,0.3222540067309595,6.898856676355364,5.105231777337954,7.5539389910127,147.0368785278436
G,2,1,1148,1.2501266113067453,43.09313309681374,40.17765483864955,15.925283782789151,0.36955502276919966,9.444893804891656,4.047438868348344,7.383992262867736,159.0560234448748
G,3,1,497,1.2945357820064733,46.92860838599002,43.44371442369485,17.95608566950546,0.38262557290887056,3.5749781933567535,4.7330517144592505,0.0,0.0
G,4,1,163,1.287839577860593,48.99317873674297,46.042144763537834,17.028068511199045,0.3475599859053166,1.9410736364021641,4.068696840349563,0.0,0.0
G,5,1,46,1.2542885231996765,52.40151611395087,48.39118724084847,19.750870943328884,0.37691411256840723,1.7816323048623945,2.732795984838343,0.0,0.0
G,6,2,1351,1.3014927179062288,38.61708566935019,35.76048158505043,13.275519605658346,0.3437732126998628,6.984716800036258,4.739496689894915,0.0,0.0
G,7,2,53,1.3708311110526155,47.86181524961957,45.68855999831036,18.11076526120496,0.378396957297789,1.2696364754474563,3.3078225297622645,0.0,0.0
G,8,2,950,1.367602221145262,37.21994470744677,34.765884064294994,12.572809571246575,0.3377976423681004,2.474504130269516,5.692942370266017,0.0,0.0
G,9,2,62,1.467469674562346,54.91274786010022,51.87689608710462,20.401751242762455,0.3715303283445124,1.4135643444062571,3.341851183434641,0.0,0.0
G,10,2,1194,1.371414981244665,36.78179934553771,33.950710583258925,12.394379705820507,0.33697045621353394,7.216343588327353,4.943932119658885,0.0,0.0
G,11,3,2133,1.4205956931136612,32.14841386572969,31.046843340956094,8.49820179550977,0.26434280182540765,4.225266760982585,6.676859514962631,4.830345394764464,203.3347239368618
G,12,3,2069,1.4189239280662334,31.870033540311702,30.672497338441765,8.281759001740001,0.2598603792262906,8.380821397260242,5.516331725735484,2.977009404045589,178.88471300747293
G,13,3,2090,1.4181803091338905,32.24316993394158,30.88961359810887,8.591764252231805,0.266467728509146,14.136941601630857,4.730483144636354,3.537950636541126,181.9906178254276
G,14,3,2112,1.4285345932348708,32.66399116032015,31.24398883278913,8.295022794967482,0.25395006857105024,6.433618655674374,6.171751989793803,4.690894825928325,183.99033910383844
G,15,3,2081,1.429766497853566,32.826731233643024,31.146984459851016,8.797146356100392,0.26798727821807883,8.723919430531307,5.720171129509932,4.351915583385278,224.1394562029498
G,16,4,1495,1.3292879999423288,32.094984245604884,30.177985412119273,10.565321223463307,0.3291891699529384,9.48183755313338,4.653881081000446,11.728981480692482,199.78295378750443
G,17,4,1719,1.3718182155671346,31.02264013494995,29.30586414814272,9.671004359091961,0.31174021027941645,10.80177872868623,4.831446970027624,17.20401296404924,291.8550258891886
G,18,4,1731,1.3759960866840706,31.91739628360803,30.27185939764653,9.708550808524537,0.30417740602201326,9.382176318828547,5.138155379265088,10.915033631296922,225.30306650964297
G,19,4,1455,1.365875337549543,32.56249072828308,30.78079201822636,9.724856903166637,0.29865212045096523,12.778783472385147,4.308710538363501,7.780943073054232,176.91518706721024
G,20,4,1771,1.3534229903890376,34.81911411602192,33.16263271907764,10.39646999932615,0.29858513817105536,10.056417579004254,4.735787247304747,6.016834795258717,168.50411115739013
G,21,5,1925,1.334886915213192,31.70548667066587,29.8903629923816,10.135226756215507,0.3196679130490272,11.379457907338034,5.4279473084461785,10.963185492665673,243.2840441524246
G,22,5,1756,1.3267981411506853,33.169046820606155,31.088883944787902,11.4718994598209,0.345861595657733,11.520976519849437,4.704836432314801,14.936647522312512,285.3287239809156
G,23,5,1728,1.3304095204128668,33.43176347479908,31.829654847243575,10.714571484380492,0.3204907659883738,14.01463546575647,4.145496865001804,14.689961001820393,304.8345127639159
G,24,5,1415,1.304922272300339,35.38614961629458,32.75196377066537,12.967285109788008,0.3664508642617858,10.821007393158965,4.558901495497893,17.360172840473012,317.52208235072817
G,25,5,800,1.2390988490644144,39.54725248617491,35.763377837962,15.874106907597051,0.4013959481293014,8.475752996756897,3.846614587751262,17.270492749775087,245.87278356031555
H,1,1,1846,1.3918208863244672,35.57870402751082,34.146157097464695,9.624990405704795,0.27052672852452364,13.43346624526566,4.184292591529268,3.7732727025996553,213.67302051035423
H,2,1,1597,1.3683848312031852,36.84563699928457,35.3046003377793,10.486469097683656,0.2846054499719267,5.365259897226637,5.983992243514891,2.609542262928386,167.47397508530847
H,3,1,820,1.2390745709368967,40.83108284089279,38.004514877983375,15.55569762789133,0.3809768574717329,6.164626186700962,4.871026338016758,13.293713142572727,220.29705497643255
H,4,1,628,1.2581253145526585,38.678320851207936,36.51402683441847,13.731997385033331,0.35503085663566175,6.6317230444494975,4.451646456629296,12.17817838702868,209.83534061769325
H,5,1,880,1.3356539709881043,40.53760311238488,38.81241684190978,11.925222498923958,0.2941768033463383,5.42508945923197,5.060774043801764,0.45538634112531895,140.12721659276028
H,6,2,1409,1.2890748432981187,39.4977499573107,37.7363422823658,12.516526300712181,0.3168921347226129,4.942947123947704,5.796661018244195,0.7677188145790979,134.25424783301082
H,7,2,1529,1.311376227094933,38.2036354262984,36.60803673626713,10.973485269121538,0.287236676475236,5.708432839000211,5.791507547266273,0.0,0.0
H,8,2,1627,1.3450359076260794,38.61267382455693,36.7138149132633,11.144962807982543,0.28863483680569557,7.991553469602617,5.533683179719049,0.8522429665378297,157.69389491581424
H,9,2,1400,1.2809562358435178,38.912887966208665,36.07818830501416,13.356871067752126,0.3432505723900786,11.490727003113484,4.433512764545432,5.776600883729714,154.79192281707336
H,10,2,1384,1.3356376491646675,40.864421034252025,40.0335640707484,11.039193190446028,0.2701419207968986,5.215011316824218,5.6857014555074485,0.0,0.0
H,11,3,1260,1.292370588713258,34.681611291149224,33.015076408619265,10.818274168647145,0.311931129088226,6.0357753767843,5.497451775834342,0.0,0.0
H,12,3,1504,1.3629989086801602,32.95755179942046,31.990964850817548,8.522784876433963,0.2585988464283877,4.7705530070844295,6.024062586807853,0.0,0.0
H,13,3,1554,1.3727651082338876,32.695708383670485,31.431385073699225,8.512000751486733,0.26034000094452636,8.781124467259506,5.098284014742413,0.0,0.0
H,14,3,1594,1.3865017236966242,32.62927450203573,31.363322674149952,8.452111428940546,0.25903461103351294,8.368672443671684,5.131053746646253,0.15112358412190474,127.95470739533116
H,15,3,1580,1.3802042941824737,32.78038990348084,31.853882027902277,8.506725995632092,0.25950655317644017,13.012284989601847,4.369422589087373,0.4576362789788391,146.931981983762
H,16,4,1478,1.290024179864618,31.62408538240264,29.31864503193151,10.695219325218833,0.3381985343098724,9.782158465034353,5.032739884838196,8.233300242507198,183.3514741317723
H,17,4,1586,1.307954344046183,30.47364538306409,28.660500895977595,10.04538009269624,0.32964156294471486,12.80534350546427,4.742328656529376,9.775571759298003,216.61659661875177
H,18,4,1681,1.3369243916288127,30.862454200747976,28.691577322201088,11.011096614901064,0.35677968262919935,8.806078912582752,4.9700927553939795,12.156779453855506,239.37450120420652
H,19,4,1677,1.3521867570632677,30.60846440534922,29.09720986197684,9.936658705764959,0.32463760919768325,4.200493300061884,6.470897675894889,9.047980980847427,216.41118688673458
H,20,4,1576,1.3269303324558666,31.634572441771027,29.535758095528905,11.164934865065183,0.3529345903320237,11.991042645159764,4.570352782524507,17.907698654309286,276.19148091900496
H,21,5,926,1.2265014035751747,33.95499183935148,31.917833800592717,11.617641238708512,0.3421482559522948,4.576274783175866,5.50054947340861,9.531715351649808,147.5063271639378
H,22,5,891,1.2059485322145267,35.210956705430796,31.7702258321355,13.52949679245367,0.3842411015877605,4.640203964052076,5.1727775178745175,16.911084312415625,186.5123761391407
H,23,5,1007,1.2241216664341639,33.55656172985706,30.67056708340622,12.611253848898967,0.3758207992351631,6.173807181136457,5.004878493501296,11.208290690044265,186.1604230186781
H,24,5,1128,1.2683746426071174,33.17849193273002,30.608533675417835,12.638136758886613,0.38091353834015906,7.166558406267743,4.930534412882289,13.852043237630312,188.01105733416136
H,25,5,1057,1.2200636236980316,33.79339687310472,30.910595638244395,12.92132907653403,0.38236254038189865,3.2672913883289447,6.048923264182534,13.897797487879558,192.71104859096457
I,1,1,1067,1.2510697046033254,40.52948457317336,37.47601060964881,13.980603230854308,0.3449489520552188,9.128837180970235,4.228042080814068,4.202293552947623,144.110919323281
I,2,1,1330,1.346786878407241,38.65864523401533,36.92588533625378,11.490658414675112,0.29723386179515165,6.709118805476932,5.248227502234162,0.9755869953056902,142.56032612597588
I,3,1,1348,1.3456488832883533,39.82918879860156,38.366301823361255,11.843771199274608,0.29736410799535173,2.2457669285892385,6.585216318856961,0.912627251078419,126.85072920918938
I,4,1,1348,1.2858897350346277,37.806110824295885,35.32400309035718,12.435598553875376,0.3289309130915341,5.853325014695998,5.687274856838673,3.8117134297350788,168.00425165098122
I,5,1,1348,1.3314737737841287,38.64671637736625,37.19663245740871,11.561604589301984,0.29916136927154635,12.79151509435019,4.129189431000665,3.6623580774326,145.12760734770265
I,6,2,2253,1.3408875903565525,34.922679394955104,33.36364394679762,10.432956669052297,0.29874445059216825,9.484334818290227,5.553718760293694,4.361544569798781,192.40344067298452
I,7,2,1995,1.3171703127262164,36.34855137128391,34.40299232741412,10.919074226895068,0.30039915801215006,12.419786392513082,5.043971742118532,2.926493733820422,167.85787826362088
I,8,2,1575,1.2367977401766599,39.368881584279485,37.327287626872284,12.471024115416718,0.31677364490833193,6.997780823763307,5.576837197686871,2.643325400248955,172.03617540381936
I,9,2,2079,1.334151648897411,36.275529145379785,34.652422933870696,10.606346666514364,0.2923829621894085,16.251150293284486,4.586023216693976,5.528166532837531,192.95358689015276
I,10,2,2028,1.3504070757618105,36.83458472442719,35.33380746241993,11.1638570451165,0.3030808445008228,13.612718211393222,4.44142580082475,4.592416352506831,167.2823628320273
I,11,3,1045,1.2653533820780154,38.16822165390496,36.10332946799289,12.026828107422915,0.31510056235990397,7.076680349275548,4.711107888795995,0.0,0.0
I,12,3,728,1.1795936627679242,41.91631427116425,39.21177877255714,14.377664575318075,0.34300879801373646,3.918568284113179,5.509369408426256,0.0,0.0
I,13,3,1089,1.265434698046422,36.6692060172194,35.140433736508776,10.872421062542927,0.296500040318227,7.364355173164669,5.00072710706172,0.0,0.0
I,14,3,1184,1.2772375075265294,35.481688527480685,34.11372068500985,10.467547619042115,0.29501266860327024,11.020053514846042,4.036982228029439,0.0,0.0
I,15,3,1124,1.2664044991127423,37.075207819145874,35.92651932211986,10.563451099665498,0.28491953844721174,6.0249710463958905,5.118572585408447,0.0,0.0
I,16,4,1128,1.2640838136882915,36.133927751080854,33.13705209817937,12.529909055413002,0.34676299630997637,11.075371229224817,3.8969949897485026,5.622513180419389,149.42074729667306
I,17,4,1246,1.2880108368186114,34.28246009565161,32.123493553176914,11.76978433141825,0.34331796197178777,6.186770265074518,5.516386998030221,5.12054263918759,146.22732524350283
I,18,4,1351,1.2631429857621985,32.490957270157125,30.382105747228977,11.195335545215244,0.34456773471239444,4.992409075755445,6.004318229558615,8.841822226098799,165.5416356348816
I,19,4,1071,1.2699273021147712,35.81821360987914,32.93381242108884,12.530526355099333,0.34983671970852415,4.0968307479660995,5.925248454435124,11.265687778218478,179.5754085385698
I,20,4,989,1.1796247003142106,35.285776610845595,32.24590261613573,13.055371805872735,0.369989640581128,2.748695048861365,6.130497936985033,14.780855953069107,164.71135639319357
I,21,5,654,1.1974582452797151,44.6973909021133,41.2252617179325,20.937665796125916,0.4684314984286025,2.392150695770629,5.755619327791283,21.38583289315892,241.42435872996617
I,22,5,1240,1.2477251840961439,33.149246561850624,30.7963676293824,12.787041079772766,0.38574152977849474,13.897444400536935,3.9811314497062833,31.61337085002208,327.61602326935895
I,23,5,643,1.0755978149845615,40.010774558090496,34.61671811464649,17.97269637699054,0.44919641210385713,3.4818842118739948,5.33172999210522,21.170427347129163,146.80795421081308
I,24,5,1338,1.2605780308694596,32.23854864719894,30.370276457729545,12.240339605440221,0.3796802312471262,10.003506701848048,5.210097848246093,19.280382335568447,272.99338867605064
I,25,5,1004,1.230660432178696,36.26051583943713,33.53504242989695,15.017388313911589,0.41415263865547647,11.364659997837787,4.075966069679192,31.433394863085425,326.93556562065663
